code,name,category,description,status,condition
E100,Куркумины,Красители,"Куркумины (Curcumins), Куркумин (Curcumin). Натуральнный краситель из Curcuma longa и других видов. Турмерик (Turm- meric) - порошок корневища куркумы. Халяль.",halal,
E101,Рибофлавины,Красители,"Рибофлавины (Riboflavins), Рибофлавин (Riboflavin). Наттриевая соль рибофлавин 5-фосфат (Riboflavin 5-phosphate sodi- ium). Краситель. Халяль.",halal,
E102,Тартразин,Красители,"Тартразин (Tartrazine). Краситель. Халяль.",halal,
E103,Алканет, Красители,"Алканет, Алканин (Alkanet). Краситель. Халяль.",halal,
E104,Желтый хинолиновый,Красители,"Желтый хинолиновый (Quinoline Yellow). Краситель. Халляль.",undefined,
E107,Желтый 2G,Красители,"Желтый 2G (Yellow 2G). Краситель. Халяль.",halal,
E110,Желтый «солнечный закат»,Красители,"Желтый «солнечный закат» (Sunset Yellow FCF). Краситтель. Халяль.",halal,
E120,Кармины,Красители,"Кармины (Carmines). Краситель. Харам. Производится из насекомых.",haram,
E122,Азорубин,Красители,"Азорубин, Кармуазин (Azorubine). Краситель. Халяль.",halal,
E124,Понсо 4R,Красители,"Понсо 4R, Пунцовый 4R (Ponceau 4R). Краситель. Халляль.",undefined,
E128,Красный 2G,Красители,"Красный 2G (Red 2G). Краситель. Халяль.",halal,
E129,Красный очаровательный АС,Красители,"Красный очаровательный АС (Allura red AC). Краситель. Халяль.",halal,
E131,Синий патентованный V,Красители,"Синий патентованный V (Patent blue V). Краситель. Халляль.",undefined,
E132,Индигокармин,Красители,"Индигокармин (Indigotine). Краситель. Сомнительное. Может быть животного происхождения.",suspicious,
E133,Синий блестящий FCF,Красители,"Синий блестящий FCF, бриллиантовый голубой FCF (Bri- illiant blue FCF). Краситель. Халяль.",halal,
E140,Хлорофилл,Красители,"Хлорофилл (Сhlоrорhill). Краситель. Халяль.",halal,
E141,Хлорофилла медные комплексы,Красители,"Хлорофилла медные комплексы (Copper Chlorophylls), Хлорофилла комплекс медный (Chlorophyll copper complex), Медного комплекса хлорофиллина натриевая и калиевая соли (Chlorophyllin copper complex, sodium and potassium salts). Красситель. Халяль.",halal,
E142,Зеленый S,Красители,"Зеленый S (Green S). Краситель. Халяль.",halal,
E143,Зеленый прочный FCF,Красители,"Зеленый прочный FCF (Fast green FCF). Краситель. Халляль.",undefined,
E150A,Сахарный колер I простой,Красители,"Сахарный колер I простой (Caramel I - Plain). Краситель. Халяль.",halal,
E150B,Сахарный колер II,Красители,"Сахарный колер II, полученный по «щелочно-сульфитнной» технологии (Caramel II - Caustic sulphite process). Краситтель. Халяль.",halal,
E150C,Сахарный колер III,Красители,"Сахарный колер III, полученный по «аммиачной» техноллогии (Caramel III - Ammonia process). Краситель. Халяль.",halal,
E150D,Сахарный колер IV,Красители,"Сахарный колер IV, полученный по «аммиачно-сульфитнной» технологии (Caramel IV - Ammonia-sulphite process). Красситель. Халяль.",halal,
E151,Черный блестящий PN,Красители,"Черный блестящий PN, бриллиантовый черный PN (Brillia- ant black PN). Краситель. Халяль.",halal,
E152,Уголь,Красители,"Уголь (Carbon black (hydrocarbon). Краситель. Халяль.",halal,
E153,Уголь растительный,Красители,"Уголь растительный (Vegetable carbon). Краситель. Халляль.",undefined,
E155,Коричневый HT,Красители,"Коричневый HT (Brown HT). Краситель. Халяль.",halal,
E160A,Каротины,Красители,"Каротины (Carotenes). Бета-Каротин синтетический (Beta-carotene synthetic). Экстракты натуральных каротинов (Nat- tural extracts). Краситель. Халяль.",halal,
E160B,Аннато экстракты,Красители,"Аннато экстракты (Annato extracts). Краситель. Халяль.",halal,
E160C,Маслосмолы паприки,Красители,"Маслосмолы паприки (Paprika oleoresins). Краситель. Халяль.",halal,
E160D,Ликопин,Красители,"Ликопин (Lycopene). Краситель. Халяль.",halal,
E160E,бета-Апокаротиновый альдегид,Красители,"бета-Апокаротиновый альдегид (Beta-apo-carotenal). Краситель. Халяль.",halal,
E160F,бета-апо-8-каротиновой кислоты метиловый,Красители,"бета-апо-8-каротиновой кислоты метиловый или этиловвый эфиры (Beta-apo-8@-carotenoic Acid, Methyl or ethyl ester). Краситель. Халяль.",halal,
E161A,Флавоксантин,Красители,"Флавоксантин (Flavoxanthin). Краситель. Халяль.",halal,
E161B,Лютеин,Красители,"Лютеин (Lutein). Краситель. Халяль.",halal,
E161C,Криптоксантин,Красители,"Криптоксантин (Kryptoxanthin). Краситель. Халяль.",halal,
E161D,Рубиксантин,Красители,"Рубиксантин (Rubixanthin). Краситель. Халяль.",halal,
E161E,Виолоксантин,Красители,"Виолоксантин (Violoxanthin). Краситель. Халяль.",halal,
E161F,Родоксантин,Красители,"Родоксантин (Rhodoxanthin). Краситель. Халяль.",halal,
E161G,Кантаксантин,Красители,"Кантаксантин (Canthaxanthin). Краситель. Халяль.",halal,
E162,Красный свекольный,Красители,"Красный свекольный (Веет red). Краситель. Халяль.",halal,
E163,Антоцианы,Красители,"Антоцианы (Anthocyanins), Экстракт из кожицы винограда (Grape skin extract), Экстракт из черной смородины (Blackcurrant extract). Краситель. Халяль.",halal,
E170,Карбонаты кальция,Красители,"Карбонаты кальция (Calcium carbonates), Карбонат кальцция (Calcium carbonate), Гидрокарбонат кальция (Calcium hydrog- gen carbonate). Поверхностный краситель, добавка, препятствующая слеживанию и комкованию, стабилизатор. Халяль.",halal,
E171,Диоксид титана,Красители,"Диоксид титана (Titanium dioxide). Краситель. Халяль.",halal,
E172,Оксиды железа,Красители,"Оксиды железа (Iron oxides), Оксид железа (+2,+3), Чернная (Iron oxide, black), Оксид железа (+3), Красная (Iron oxide, red), Желтая (Iron oxide, yellow). Краситель. Халяль.",halal,
E174,Серебро,Красители,"Серебро (Silver). Краситель. Халяль.",halal,
E175,Золото,Красители,"Золото (Gold). Краситель. Халяль.",halal,
E181,Танины пищевые,Красители,"Танины пищевые (Tannins, food grade). Краситель, стабиллизатор, эмульгатор. Халяль.",halal,
E182,Орсейл,Красители,"Орсейл, Орсин (Orchil). Краситель. Халяль. * * *",halal,
E200,Сорбиновая кислота,Консерванты,"Сорбиновая кислота (Sorbic acid)",halal,
E201,Сорбат натрия,Консерванты,"Сорбат натрия (Sodium sorbate)",halal,
E202,Сорбат калия,Консерванты,"Сорбат калия (Potassium sorbate)",halal,
E203,Сорбат кальция,Консерванты,"Сорбат кальция (Calcium sorbate)",halal,
E209,Пара-оксибензойной кислоты гептиловый эфир,Консерванты,"Пара-оксибензойной кислоты гептиловый эфир (Heptyl p-Hydroxybenzoate)",halal,
E210,Бензойная кислота,Консерванты,"Бензойная кислота (Benzoic Acid)",halal,
E211,Бензоат натрия,Консерванты,"Бензоат натрия (Sodium benzoate)",halal,
E212,Бензоат калия,Консерванты,"Бензоат калия (Potassium benzoate)",undefined,
E213,Бензоат кальция,Консерванты,"Бензоат кальция (Calcium benzoate)",undefined,
E214,Пара-Оксибензойной кислоты этиловый эфир,Консерванты,"Пара-Оксибензойной кислоты этиловый эфир (Ethyl p-Hydroxybenzoate)",halal,
E215,Пара-Оксибензойной кислоты этилового эфира натриевая соль,Консерванты,"Пара-Оксибензойной кислоты этилового эфира натриевая соль (Sodium ethyl p-Hydroxybenzoate)",halal,
E218,Пара-Оксибензойной кислоты метиловый эфир,Консерванты,"Пара-Оксибензойной кислоты метиловый эфир (Methyl p-Hydroxybenzoate)",halal,
E219,Пара-Оксибензойной кислоты метилового эфира натриевая соль,Консерванты,"Пара-Оксибензойной кислоты метилового эфира натриевая соль (Sodium methyl p-Hydroxybenzoate)",undefined,
E220,Диоксид серы,Консерванты,"Диоксид серы (Sulphur dioxide)",halal,
E221,Сульфит натрия,Консерванты,"Сульфит натрия (Sodium sulphite)",halal,
E222,Гидросульфит натрия,Консерванты,"Гидросульфит натрия (Sodium hydrogen sulphite)",halal,
E223,Пиросульфит натрия,Консерванты,"Пиросульфит натрия (Sodium metabisulphite)",halal,
E224,Пиросульфит калия,Консерванты,"Пиросульфит калия (Potassium metabisulphit)",halal,
E225,Сульфит калия,Консерванты,"Сульфит калия (Potassium sulphite)",halal,
E226,Сульфит кальция,Консерванты,"Сульфит кальция (Calcium sulphite)",halal,
E227,Гидросульфит кальция,Консерванты,"Гидросульфит кальция (Calcium hydrogen sulphite)",halal,
E228,Гидросульфит калия,Консерванты,"Гидросульфит (бисульфит) калия (Potassium bisulphite)",halal,
E230,Дифенил,Консерванты,"Дифенил (Diphenyl)",halal,
E231,Орто-Фенилфенол,Консерванты,"Орто-Фенилфенол (orto-phenylphenol)",undefined,
E232,Орто-Фенилфенола натриевая соль,Консерванты,"Орто-Фенилфенола натриевая соль (О-Phenylphenol Sodium)",halal,
E234,Низин,Консерванты,"Низин (Nisin)",halal,
E235,Пимарицин,Консерванты,"Пимарицин, Натамицин (Pimaricin, natamycin)",halal,
E236,Муравьиная кислота,Консерванты,"Муравьиная кислота (Formic acid)",halal,
E237,Формиат натрия,Консерванты,"Формиат натрия (Sodium formate)",halal,
E238,Формиат кальция,Консерванты,"Формиат кальция (Calcium formate)",halal,
E239,Гексаметилентетрамин,Консерванты,"Гексаметилентетрамин (Hexamethylene tetramine)",halal,
E241,Гваяковая камедь,Консерванты,"Гваяковая камедь (ОЦМ guaicum)",halal,
E242,Диметилдикарбонат,Консерванты,"Диметилдикарбонат (Велькорин) (Dimethyl dicarbonate)",halal,
E249,Нитрит калия,Консерванты,"Нитрит калия (Potassium nitrite)",halal,
E250,Нитрит натрия,Консерванты,"Нитрит натрия (Sodium nitrite)",halal,
E251,Нитрат натрия,Консерванты,"Нитрат натрия (Sodium nitrate)",halal,
E252,Нитрат калия,Консерванты,"Нитрат калия (Роtаssiuм nitrate)",halal,
E260,Уксусная кислота ледяная,Консерванты,"Уксусная кислота ледяная (Acetic acid glacial)",halal,
E261,Ацетаты калия,Консерванты,"Ацетаты калия (Potassium acetates), Ацетат калия (Potassium acetate), Диацетат калия (Potassium diacetate)",halal,
E262,Ацетаты натрия,Консерванты,"Ацетаты натрия (Sodium acetates), Ацетат натрия (Sodium acetate), Диацетат натрия (Sodium diacetate)",halal,
E263,Ацетат кальция,Консерванты,"Ацетат кальция (Calcium acetates)",halal,
E264,Ацетат аммония,Консерванты,"Ацетат аммония (Ammonium acetate)",halal,
E265,Дегидрацетовая кислота,Консерванты,"Дегидрацетовая кислота (Dehydro acetic acid)",halal,
E266,Дегидрацетат натрия,Консерванты,"Дегидрацетат натрия (Sodium dehydroacetate)",halal,
E270,Молочная кислота,Консерванты,"Молочная кислота L-, D-, и DL- (Lactic acid,L-, D- and DL-)",halal,
E280,Пропионовая кислота,Консерванты,"Пропионовая кислота (Propionic acid)",undefined,
E281,Пропионат натрия,Консерванты,"Пропионат натрия (Sodium propionate)",undefined,
E282,Пропионат кальция,Консерванты,"Пропионат кальция (Calcium propionate)",undefined,
E283,Пропионат калия,Консерванты,"Пропионат калия (Potassium propionate)",undefined,
E290,Диоксид углерода,Консерванты,"Диоксид углерода (Carbon dioxide)",halal,
E296,Яблочная кислота,Консерванты,"Яблочная кислота (Malic acid, DL-)",halal,
E297,Фумаровая кислота,Консерванты,"Фумаровая кислота (Fumaric acid)",halal,
E300,,Антиокислители,,undefined,
E399,,Антиокислители,"Повышают срок хранения продуктов, защищая их от микробов, грибков, бактериофагов, химические стерилизующие добавки при созревании вин, дезинфектанты",undefined,
E300,Аскорбиновая кислота,Антиокислители,"Аскорбиновая кислота, L- (Ascorbic asid, L-)",halal,
E301,Аскорбат натрия,Антиокислители,"Аскорбат натрия (Sodium ascorbate)",undefined,
E302,Аскорбат кальция,Антиокислители,"Аскорбат кальция (Calcium ascorbate)",halal,
E303,Аскорбат калия,Антиокислители,"Аскорбат калия (Potassium ascorbate)",halal,
E304,Аскорбилпальмитат,Антиокислители,"Аскорбилпальмитат (Ascorbyl palmitate)",halal,
E305,Аскорбилстеарат,Антиокислители,"Аскорбилстеарат (Ascorbyl stearate)",undefined,
E306,Токоферолы,Антиокислители,"Токоферолы, концентрат смеси (Mixed Tocopherols concen- ntrate)",halal,
E307,Aльфа-Токоферол,Антиокислители,"Aльфа-Токоферол (Alpha-tog opherol)",halal,
E308,Гамма-Токоферол синтетический,Антиокислители,"Гамма-Токоферол синтетический (Syntethic Gamma-tocop- pherol)",halal,
E309,Дельта-Токоферол синтетический,Антиокислители,"Дельта-Токоферол синтетический (Syntethic Delta-tocophe- erol)",halal,
E310,Пропилгаллат,Антиокислители,"Пропилгаллат (Propyl gallate)",halal,
E311,Октилгаллат,Антиокислители,"Октилгаллат (Octyl gallate)",halal,
E312,Додецилгаллат,Антиокислители,"Додецилгаллат (Dodecyl gallate)",undefined,
E314,Гваяковая смола,Антиокислители,"Гваяковая смола (Guaiac resin)",undefined,
E315,Изоаскорбиновая кислота,Антиокислители,"Изоаскорбиновая (эриторбовая) кислота (Isoascorbic acid, Erythorbic acid)",halal,
E316,Изоаскорбат натрия,Антиокислители,"Изоаскорбат натрия (Sodium isoascorbate)",halal,
E317,Изоаскорбат калия,Антиокислители,"Изоаскорбат калия (Potassim isoascorbate)",halal,
E318,Изоаскорбат кальция,Антиокислители,"Изоаскорбат кальция (Calcium isoascorbate)",halal,
E319,Трет-Бутилгидрохинон,Антиокислители,"Трет-Бутилгидрохинон (Tertiary-butylhydroquinone)",halal,
E320,Бутилгидроксианизол,Антиокислители,"Бутилгидроксианизол (Butylated hydroxyanisole)",halal,
E321,Бутилгидрокситолуол,Антиокислители,"Бутилгидрокситолуол, «Ионол» (Butylated hydroxytoluene",halal,
E322,Лецитины,Антиокислители,"Лецитины, фосфатиды (Lecithins)",halal,
E323,Аноксомер,Антиокислители,"Аноксомер (Anoxomer)",halal,
E325,Лактат натрия,Антиокислители,"Лактат натрия (Sodium lactate)",halal,
E326,Лактат калия,Антиокислители,"Лактат калия (Potassium lactate)",halal,
E327,Лактат кальция,Антиокислители,"Лактат кальция (Calcium lactate)",halal,
E328,Лактат аммония,Антиокислители,"Лактат аммония (Ammonium lactate)",halal,
E329,Лактат магния,Антиокислители,"Лактат магния, DL- (Magnesium lactate, DL-)",halal,
E330,Лимонная кислота,Антиокислители,"Лимонная кислота (Citric acid)",halal,
E331,Цитраты натрия,Антиокислители,"Цитраты натрия (Sodium citrates), Цитрат натрия 1-замещщенный (Sodium dihydrogen citrate), Цитрат натрия 2-замещеннный (Disodium monohydrogen citrate), Цитрат натрия 3-замещеннный (Trisodium citrate)",halal,
E332,Цитраты калия,Антиокислители,"Цитраты калия (Potassium citrates), Цитрат калия 2-замещ- щенный (Potassium dihydrogen citrate), Цитрат калия 3-замещеннный (Tripotassium citrate)",halal,
E333,Цитраты кальция,Антиокислители,"Цитраты кальция (Calcium citrates)",undefined,
E334,Винная кислота,Антиокислители,"Винная кислота, L(+)- (Tartaric acid, L(+)-)",halal,
E335,Тартраты натрия,Антиокислители,"Тартраты натрия (Sodium tartrates), Тартрат натрия 1-заммещенный (Monosodium tartrate), Тартрат натрия 2-замещенный (Disodium tartrate)",undefined,
E336,Тартраты калия,Антиокислители,"Тартраты калия (Potassium tartrates), Тартрат калия 1-заммещенный (Monopotassium tartrate), Тартрат калия 2-замещеннный (Dipotassium tartrate)",halal,
E337,Тартрат калия-натрия,Антиокислители,"Тартрат катия-натрия (Potassium sodium tartrate)",halal,
E338,Орто-Фосфорная кислота,Антиокислители,"Орто-Фосфорная кислота (Orthophosphoric acid)",halal,
E339,Фосфаты натрия,Антиокислители,"Фосфаты натрия (Sodium phosphates), Орто-Фосфат наттрия 1-замещенный (Monosodium orthophosphate), Орто-Фосфат натрия 2-замещенный (Disodium orthophosphate), Орто-Фосфат натрия 3-замещенный (Trisodium orthophosphate)",halal,
E340,Фосфаты калия,Антиокислители,"Фосфаты калия (Potassium phosphates), Орто-Фосфат каллия 1-замещенный (Monopotassium orthophosphate), Орто-Фосффат калия 2-замещенный (Dipotassium orthophosphate), ОртоФосфат калия 3-замещенный (Tripotassium orthophosphate)",halal,
E341,Фосфаты кальция,Антиокислители,"Фосфаты кальция (Calcium phosphates), Орто-Фосфат кальция 1-замещенный (Monocalcium orthophosphate), ОртоФосфат кальция 2-замещенный (Dicalcium orthophosphate), Орто-Фосфат кальция 3-замещенный (Tricalcium orthophosphat- te)",halal,
E342,Фосфаты аммония,Антиокислители,"Фосфаты аммония (Ammonium phosphates), Орто-Фосфат аммония 1-замещенный (Monoammonium orthophosphate), ОртоФосфат аммония 2-замещенный (Diammonium orthophosphate)",halal,
E343,Фосфаты магния,Антиокислители,"Фосфаты магния (Magnesium phosphates), Орто-Фосфат магния 1-замещенный (Monomagnesium orthophosphate), ОртоФосфат магния 2-замещенный (Dimagnesium orthophosphate), Орто-Фосфат магния 3-замещенный (Trimagnesium orthophospha- ate)",halal,
E345,Цитрат магния,Антиокислители,"Цитрат магния (Magnesium citrate)",halal,
E349,Малат аммония,Антиокислители,"Малат аммония (Ammonium malate)",halal,
E350,Малаты натрия,Антиокислители,"Малаты натрия (Sodium malates), Малат натрия 1-замещщенный (Sodium hydrogen malate), Малат натрия (Sodium malate)",halal,
E351,Малаты калия,Антиокислители,"Малаты калия (Potassium malates), Малат калия 1-замещенный (Potassium hydrogen malate), Малат калия (Potassium malate). Регулятор кислотности. Халяль.",halal,
E352,Малаты кальция,Антиокислители,"Малаты кальция (Calcium malates), Малат кальция 1-замещенный (Calcium hydrogen malate), Малат кальция (Calcium malate). Регулятор кислотности. Халяль.",halal,
E353,Мета-Винная кислота,Антиокислители,"Мета-Винная кислота (Metatartaric acid). Регулятор кислотности. Халяль.",halal,
E354,Тартрат кальция,Антиокислители,"Тартрат кальция (Calcium tartrate). Регулятор кислотности. Халяль.",halal,
E355,Адипиновая кислота,Антиокислители,"Адипиновая кислота (Adipic acid). Регулятор кислотности. Халяль.",halal,
E356,Адипаты натрия,Антиокислители,"Адипаты натрия (Sodium adipates). Регулятор кислотности. Халяль.",halal,
E357,Адипаты калия,Антиокислители,"Адипаты калия (Potassium adipates). Регулятор кислотности. Халяль.",halal,
E359,Адипаты аммония,Антиокислители,"Адипаты аммония (Ammonium adipates). Регулятор кислотности. Халяль.",halal,
E363,Янтарная кислота,Антиокислители,"Янтарная кислота (Succinic acid). Регулятор кислотности. Халяль.",halal,
E365,Фумараты натрия,Антиокислители,"Фумараты натрия (Sodium fumarates). Регулятор кислотности. Халяль.",halal,
E366,Фумараты калия,Антиокислители,"Фумараты калия (Potassium fumarates). Регулятор кислотности. Халяль.",halal,
E367,Фумараты кальция,Антиокислители,"Фумараты кальция (Calcium fumarates). Регулятор кислотности. Халяль.",halal,
E368,Фумараты аммония,Антиокислители,"Фумараты аммония (Ammonium fumarate). Регулятор кислотности. Халяль.",halal,
E375,Никотиновая кислота,Антиокислители,"Никотиновая кислота (Nicotinic acid). Стабилизатор цвета. Халяль.",halal,
E380,Цитраты аммония,Антиокислители,"Цитраты аммония (Ammonium citrates). Регулятор кислотности. Халяль.",halal,
E381,Цитрат аммония-железа,Антиокислители,"Цитрат аммония-железа (Ferric ammonium citrate). Регулятор кислотности. Халяль.",halal,
E383,Глицерофосфат кальция,Антиокислители,"Глицерофосфат кальция (Calcium Glycerophosphate). Стабилизатор, загуститель. Халяль.",halal,
E384,Изопропилцитратная смесь,Антиокислители,"Изопропилцитратная смесь (Isopropyl citrates). Добавка препятствующая слеживанию и комкованию. Халяль.",halal,
E385,Этилендиаминтетраацетат кальция-натрия,Антиокислители,"Этилендиаминтетраацетат кальция-натрия (Calcium disodium ethylenediamine-tetra-acetate). Антиокислитель, консервант, комплексообразователь. Халяль.",halal,
E386,Этилендиаминтетраацетат динатрий,Антиокислители,"Этилендиаминтетраацетат динатрий (Disodium ethylenediamine-tetra-acetate). Синергист антиокислителя, консервант, комплексообразователь. Халяль.",halal,
E387,Оксистеарин,Антиокислители,"Оксистеарин (Oxystearin). Антиокислитель, комплексообразователь. Халяль.",halal,
E391,Фитиновая кислота,Антиокислители,"Фитиновая кислота (Phytic acid). Aнтиокислитель. Халляль. * * *",undefined,
E400,,Стабилизаторы,,undefined,
E499,,Стабилизаторы,"Сохраняют заданную консистенцию. Загустители. Повышают вязкость",undefined,
E400,Альгиновая кислота,Стабилизаторы,"Альгиновая кислота (Alginic acid). Загуститель, стабилизатор. Халяль.",halal,
E401,Альгинат натрия,Стабилизаторы,"Альгинат натрия (Sodium alginate). Загуститель, стабилизатор. Халяль.",halal,
E402,Альгинат калия,Стабилизаторы,"Альгинат калия (Potassium alginate). Загуститель, стабилизатор. Халяль.",halal,
E403,Альгинат аммония,Стабилизаторы,"Альгинат аммония (Ammonium alginate). Загуститель, стабилизатор. Халяль.",halal,
E404,Альгинат кальция,Стабилизаторы,"Альгинат кальция (Calcium alginate). Загуститель, стабилизатор, пеногаситель. Халяль.",halal,
E405,Пропиленгликольальгинат,Стабилизаторы,"Пропиленгликольальгинат (Propylene glycol alginate). Загуститель, эмульгатор. Халяль.",halal,
E406,Агар,Стабилизаторы,"Агар (Agar). Загуститель, стабилизатор, желирующий агент. Халяль.",halal,
E407,Каррагинан,Стабилизаторы,"Каррагинан и его натриевая, калиевая, аммонийная соли, включая фурцеллеран (Carrageenan and its Na, К, NH4 salts includes furcellaran). Загуститель, стабилизатор, желирующий агент. Халяль. Е407а - Каррагинан из водорослей Euchema (Carrageenan pes- Processed euchema seaweed). Загуститель, стабилизатор, желирующий агент. Халяль.",halal,
E409,Арабиногалактан,Стабилизаторы,"Арабиногалактан (Arabinogalactan). Загуститель, стабилизатор, желирующий агент. Халяль.",halal,
E410,Камедь рожкового дерева,Стабилизаторы,"Камедь рожкового дерева (Carob bean gum). Загуститель, стабилизатор. Халяль.",halal,
E411,Овсяная камедь,Стабилизаторы,"Овсяная камедь (Oat gum). Загуститель, стабилизатор. Халяль.",halal,
E412,Гуаровая камедь,Стабилизаторы,"Гуаровая камедь (Guar gum). Загуститель, стабилизатор. Халяль.",halal,
E413,Трагакант камедь,Стабилизаторы,"Трагакант камедь (Tragacanth gum). Загуститель, стабилизатор, эмульгатор. Халяль.",halal,
E414,Гуммиарабик,Стабилизаторы,"Гуммиарабик (Gum arabic, Acacia gum). Загуститель, стабилизатор. Халяль.",halal,
E415,Ксантановая камедь,Стабилизаторы,"Ксантановая камедь (Xantan gum). Загуститель, стабилизатор. Халяль.",halal,
E416,Карайи камедь,Стабилизаторы,"Карайи камедь (Karaya gum). Загуститель, стабилизатор. Халяль.",halal,
E417,Тары камедь,Стабилизаторы,"Тары камедь (Таrа gum). Загуститель, стабилизатор. Халляль.",undefined,
E418,Геллановая камедь,Стабилизаторы,"Геллановая камедь (Gellan gum). Загуститель, стабилизатор, желирующий агент. Халяль.",halal,
E419,Гхатти камедь,Стабилизаторы,"Гхатти камедь (Gum ghatti). Загуститель, стабилизатор, желирующий агент. Халяль.",halal,
E420,Сорбит,Стабилизаторы,"Сорбит и сорбитовый сироп (Sorbitol and sorbitol syrup). Подсластитель, влагоудерживающий агент, комплексообразователь, текстуратор, эмульгатор. Халяль.",halal,
E421,Маннит,Стабилизаторы,"Маннит (Manmtol). Подсластитель, добавка, препятствующая слеживанию и комкованию. Халяль.",halal,
E422,Глицерин,Стабилизаторы,"Глицерин (Glycerol). Влагоудерживающий агент, загуститель. Сомнительное. Может быть произведен из животного сырья.",suspicious,
E425,Конжак,Стабилизаторы,"Конжак (Конжаковая мука (Konjac, Konjac flour), Конжаковая камедь (Konjac gum), Конжаковый глюкоманнан (Konjac glucomannane). Загуститель. Халяль.",halal,
E430,Полиоксиэтилен (8) стеарат,Стабилизаторы,"Полиоксиэтилен (8) стеарат (Polyoxyethylene (8) stearate). Эмульгатор. Халяль.",halal,
E431,Полиоксиэтилен (40) стеарат,Стабилизаторы,"Полиоксиэтилен (40) стеарат Polyoxyethylene (40) stearate). Эмульгатор. Халяль.",halal,
E432,Полиоксиэтилен (20) сорбитан монолаурат,Стабилизаторы,"Полиоксиэтилен (20) сорбитан монолаурат, Твин 20 (Polyoxyethylene (20) sorbitan monolaurate). Эмульгатор. Халяль.",halal,
E433,Полиоксиэтилен (20) сорбитан моноолеат,Стабилизаторы,"Полиоксиэтилен (20) сорбитан моноолеат, Твин 80 (Polyoxyethylene (20) sorbitan monooleate. Эмульгатор. Халяль.",halal,
E434,Полиоксиэтилен (20) сорбитан монопальмитат,Стабилизаторы,"Полиоксиэтилен (20) сорбитан монопальмитат, Твин 40 (Polyoxyethylene (20) sorbitan monopalmitate)",undefined,
E435,Полиоксиэтилен (20) сорбитан моностеарат,Стабилизаторы,"Полиоксиэтилен (20) сорбитан моностеарат, Твин 60 (Polyoxyethylene (20) sorbitan monostearate)",halal,
E436,Полиоксиэтилен (20) сорбитан три-стеарат,Стабилизаторы,"Полиоксиэтилен (20) сорбитан три-стеарат (Polyoxyethylene (20) sorbitan tristearate)",halal,
E440,Пектины,Стабилизаторы,"Пектины (Pectins)",halal,
E441,Желатин,Стабилизаторы,"Желатин (Gelatin)",haram,
E442,Аммонийные соли фосфатидиловой кислоты,Стабилизаторы,"Аммонийные соли фосфатидиловой кислоты (Ammoniun salts of phosphatidic acid)",halal,
E444,Сахарозы ацетат изобутират,Стабилизаторы,"Сахарозы ацетат изобутират (Sucrose acetate, isobutirat)",halal,
E445,Эфиры глицерина и смоляных кислот,Стабилизаторы,"Эфиры глицерина и смоляных кислот (Glycerol esters of wood resin)",halal,
E446,Сукцистеарин,Стабилизаторы,"Сукцистеарин (Succistearin)",halal,
E450,Пирофосфаты,Стабилизаторы,"Пирофосфаты (Diphosphates), Дигидропирофосфат натрия (Disodium diphosphate), Моногидропирофосфат натрия (Trisodium diphosphate), Пирофосфат натрия (Tetrasodium diphosphate), Дигидропирофосфат калия (Dipotassium diphosphate), Пирофосфат калия (Tetrapotassium diphosphate), Пирофосфат кальция (Dicalcium diphosphate), Дигидропирофосфат кальция (Calcium dihydrogen diphosphate), Пирофосфат магния (Dimagnesium diphosphate)",halal,
E451,Трифосфаты,Стабилизаторы,"Трифосфаты (Triphosphates), Трифосфат натрия (5-замещенный) (Pentasodium triphosphate), Трифосфат калия (5-замещенный) (Pentapotassium triphosphate)",halal,
E452,Полифосфаты,Стабилизаторы,"Полифосфаты (Polyphosphates), Полифосфат натрия (Sodium polyphosphate), Полифосфат калия (Potassium polyphosphate), Полифосфат натрия-кальция (Sodium calcium polyphosphate), Полифосфаты кальция (Calcium polyphosphates), Полифосфаты аммония (Ammonium polyphosphates)",halal,
E459,бета-Циклодекстрин,Стабилизаторы,"бета-Циклодекстрин (Beta-cyclodextrin)",halal,
E460,Целлюлоза,Стабилизаторы,"Целлюлоза (Cellulose), Целлюлоза (Microcrystalline cellulose), Целлюлоза в порошке (Powdered cellulose)",halal,
E461,Метилцеллюлоза,Стабилизаторы,"Метилцеллюлоза (Methyl cellulose)",halal,
E462,Этилцеллюлоза,Стабилизаторы,"Этилцеллюлоза (Ethyl cellulose)",halal,
E463,Гидроксипропилцеллюлоза,Стабилизаторы,"Гидроксипропилцеллюлоза (Hydroxypropyl cellulose)",halal,
E464,Гидроксипропилметилцеллюлоза,Стабилизаторы,"Гидроксипропилметилцеллюлоза (Hydroxypropyl methyl cellulose)",halal,
E465,Метилэтилцеллюлоза,Стабилизаторы,"Метилэтилцеллюлоза (Methyl ethyl cellulose)",halal,
E466,Карбоксиметилцеллюлоза натриевая соль,Стабилизаторы,"Карбоксиметилцеллюлоза натриевая соль (Sodium carboxymethyl cellulose)",halal,
E467,Этилгидроксиэтилцеллюлоза,Стабилизаторы,"Этилгидроксиэтилцеллюлоза (Ethylhydroxyethyl cellulose)",halal,
E468,Кроскарамеллоза,Стабилизаторы,"Кроскарамеллоза (Croscaramellose)",halal,
E469,Карбоксиметилцеллюлоза ферментативно гидролизованная,Стабилизаторы,"Карбоксиметилцеллюлоза ферментативно гидролизованная",halal,
E471,Моно- и диглицериды жирных кислот,Стабилизаторы,"Моно- и диглицериды жирных кислот (Mono- and diglycerides of fatty acids)",suspicious,
E472A,Глицерина и уксусной и жирных кислот эфиры,Стабилизаторы,"Глицерина и уксусной и жирных кислот эфиры (Acetic and fatty acid esters of glycerol)",suspicious,
E472B,Глицерина и молочной и жирных кислот эфиры,Стабилизаторы,"Глицерина и молочной и жирных кислот эфиры (Lactic and fatty acid esters of glycerol)",suspicious,
E472C,Глицерина и лимонной кислоты и жирных кислот эфиры,Стабилизаторы,"Глицерина и лимонной кислоты и жирных кислот эфиры (Citric and fatty acid esters of glycerol)",suspicious,
E472D,Моно- и диглицериды жирных кислот и винной кислоты,Стабилизаторы,"Моно- и диглицериды жирных кислот и винной кислоты, эфиры (Tartaric acid esters of Mono- and diglycerides of fatty acids)",undefined,
E472G,Моноглицеридов и янтарной кислоты эфиры,Стабилизаторы,"Моноглицеридов и янтарной кислоты эфиры (Succinylated monoglycerides)",suspicious,
E472E,Глицерина и диацетилвинной и жирных кислот эфиры,Стабилизаторы,"Глицерина и диацетилвинной и жирных кислот эфиры (Diacetyltartaric and fatty acid esters of glycerol)",suspicious,
E472F,Глицерина и винной, уксусной и жирных кислот смешанные эфиры,Стабилизаторы,"Глицерина и винной, уксусной и жирных кислот смешанные эфиры (Mixed tartaric, acetic and fatty acid esters of glycerol)",suspicious,
E473,Сахарозы и жирных кислот, эфиры,Стабилизаторы,"Сахарозы и жирных кислот, эфиры (Sucrose esters of fatty acids)",halal,
E474,Сахароглицериды,Стабилизаторы,"Сахароглицериды (Sucroglycerides)",undefined,
E475,Полиглицерина и жирных кислот эфиры,Стабилизаторы,"Полиглицерина и жирных кислот эфиры (Polyglycerol esters of fatty acids)",halal,
E476,Полиглицерина и взаимоэтерифицированных рициноловых кислот эфиры,Стабилизаторы,"Полиглицерина и взаимоэтерифицированных рициноловых кислот эфиры (Polyglycerol esters of interesterified ricinoleic acid)",halal,
E477,Пропиленгликоля и жирных кислот эфиры,Стабилизаторы,"Пропиленгликоля и жирных кислот эфиры (Propylene glycol esters of fatty acids)",halal,
E478,Лактилированных жирных кислот глицерина и пропиленгликоля эфиры,Стабилизаторы,"Лактилированных жирных кислот глицерина и пропиленгликоля эфиры (Lactylated fatty esters of glycerol and propylene glycol)",suspicious,
E479,Термически окисленное соевое масло,Стабилизаторы,"Термически окисленное соевое масло с моно- и диглицеридами жирных кислот",halal,
E480,Диоктилсульфосукцинат натрия,Стабилизаторы,"Диоктилсульфосукцинат натрия (Dioctyl sodium sulphosuccinate)",halal,
E481,Лактилаты натрия,Стабилизаторы,"Лактилаты натрия (Sodium lactylates), Стеароиллактилат натрия (Sodium stearoyl lactylate), Олеиллактилат натрия (Sodium oleyl lactylate monostearate)",undefined,
E482,Лактилаты кальция,Стабилизаторы,"Лактилаты кальция (Calcium lactylates)",halal,
E483,Стеарилтартрат,Стабилизаторы,"Стеарилтартрат (Stearyl tartrate)",halal,
E484,Стеарилцитрат,Стабилизаторы,"Стеарилцитрат (Stearyl citrate)",halal,
E491,Сорбитан моностеарат,Стабилизаторы,"Сорбитан моностеарат, СПЭН 60 (Sorbitan monostearate)",halal,
E492,Сорбитан тристеарат,Стабилизаторы,"Сорбитан тристеарат (Sorbitan tristearate)",halal,
E493,Сорбитан монолаурат,Стабилизаторы,"Сорбитан монолаурат, СПЭН 20 (Sorbitan monolaurate)",halal,
E494,Сорбитан моноолеат,Стабилизаторы,"Сорбитан моноолеат, СПЭН 80 (Sorbitan monooleate)",halal,
E495,Сорбитан монопальмитат,Стабилизаторы,"Сорбитан монопальмитат, СПЭН 40 (Sorbitan monopalmitate)",halal,
E496,Сорбитан триолеат,Стабилизаторы,"Сорбитан триолеат, СПЭН 85 (Sorbitan trioleat)",halal,
E500,,Эмульгаторы,,undefined,
E599,,Эмульгаторы,"Создают однородную смесь несмешиваемых фаз, например, воды и масла",undefined,
E500,Карбонаты натрия,Эмульгаторы,"Карбонаты натрия (Sodium carbonates), Карбонат натрия (Sodium carbonate), Гидрокарбонат натрия (Sodium hydrogen carbonate), Смесь карбоната и гидрокарбоната натрия (Sodium sesquicarbonate)",halal,
E501,Карбонаты калия,Эмульгаторы,"Карбонаты калия (Potassium carbonates), Карбонат калия (Potassium carbonate), Гидрокарбонат калия (Potassium hydrogen carbonate)",halal,
E503,Карбонаты аммония,Эмульгаторы,"Карбонаты аммония (Ammonium carbonates), Карбонат аммония (Ammonium carbonate), Гидрокарбонат аммония (Ammonium hydrogen carbonate)",halal,
E504,Карбонаты магния,Эмульгаторы,"Карбонаты магния (Magnesium carbonates), Карбонат магния (Magnesium carbonate), Гидрокарбонат магния (Magnesium hydrogen carbonate)",undefined,
E505,Карбонат железа,Эмульгаторы,"Карбонат железа (Ferrous carbonat)",halal,
E507,Соляная кислота,Эмульгаторы,"Соляная кислота (Hydrochloric acid)",halal,
E508,Хлорид калия,Эмульгаторы,"Хлорид калия (Potassium chloride)",halal,
E509,Хлорид кальция,Эмульгаторы,"Хлорид кальция (Calcium chloride)",undefined,
E510,Хлорид аммония,Эмульгаторы,"Хлорид аммония (Ammonium chloride)",halal,
E511,Хлорид магния,Эмульгаторы,"Хлорид магния (Magnesium chloride)",undefined,
E513,Серная кислота,Эмульгаторы,"Серная кислота (Sulphuric acid)",halal,
E514,Сульфаты натрия,Эмульгаторы,"Сульфаты натрия (Sodium sulphates)",halal,
E515,Сульфаты калия,Эмульгаторы,"Сульфаты калия (Potassium sulphates)",halal,
E516,Сульфаты кальция,Эмульгаторы,"Сульфаты кальция (Calcium sulphate)",halal,
E517,Сульфаты аммония,Эмульгаторы,"Сульфаты аммония (Ammonium sulphate)",halal,
E518,Сульфаты магния,Эмульгаторы,"Сульфаты магния (Magnesium sulphate)",halal,
E519,Сульфат меди,Эмульгаторы,"Сульфат меди (Cupric sulphate)",halal,
E520,Сульфат алюминия,Эмульгаторы,"Сульфат алюминия (Aluminium sulphate)",halal,
E521,Сульфат алюминия-натрия,Эмульгаторы,"Сульфат алюминия-натрия, квасцы алюмонатриевые (Aluminium sodium sulphate)",halal,
E522,Сульфат алюминия-калия,Эмульгаторы,"Сульфат алюминия-калия, квасцы алюмокалиевые (Aluminium potassium sulphate)",halal,
E523,Сульфат алюминия-аммония,Эмульгаторы,"Сульфат алюминия-аммония, квасцы алюмоаммиачные (Aluminium ammonium sulphate)",undefined,
E524,Гидроксид натрия,Эмульгаторы,"Гидроксид натрия (Sodium hydroxide)",halal,
E525,Гидроксид калия,Эмульгаторы,"Гидроксид калия (Potassium hydroxide)",halal,
E526,Гидроксид кальция,Эмульгаторы,"Гидроксид кальция (Calcium hydroxide)",halal,
E527,Гидроксид аммония,Эмульгаторы,"Гидроксид аммония (Ammonium hydroxide)",halal,
E528,Гидроксид магния,Эмульгаторы,"Гидроксид магния (Magnesium hydroxide)",halal,
E529,Оксид кальция,Эмульгаторы,"Оксид кальция (Calcium oxide)",halal,
E530,Оксид магния,Эмульгаторы,"Оксид магния (Magnesium oxide)",halal,
E535,Ферроцианид натрия,Эмульгаторы,"Ферроцианид натрия (Sodium ferrocyanide)",halal,
E536,Ферроцианид калия,Эмульгаторы,"Ферроцианид калия (Potassium ferrocyanide)",halal,
E538,Ферроцианид кальция,Эмульгаторы,"Ферроцианид кальция (Calcium ferrocyanide)",halal,
E539,Тиосульфат натрия,Эмульгаторы,"Тиосульфат натрия (Sodium thiosulphate)",halal,
E541,Алюмофосфат натрия,Эмульгаторы,"Алюмофосфат натрия (Sodium aluminium phosphate), Кислотный (Acidic), Основной (Basic)",halal,
E542,Фосфат костный,Эмульгаторы,"Фосфат костный (фосфат кальция) (Bone phosphate) (essentiale Calcium phosphate tribasic)",haram,
E550,Силикаты натрия,Эмульгаторы,"Силикаты натрия (Sodium silicates), Силикат натрия (Sodium silicate), Мета-силикат натрия (Sodium metasilicate)",halal,
E551,Диоксид кремния аморфный,Эмульгаторы,"Диоксид кремния аморфный (Silicon dioxide amorphous)",halal,
E552,Силикат кальция,Эмульгаторы,"Силикат кальция (Calcium silicate)",halal,
E553,Силикаты магния,Эмульгаторы,"Силикаты магния (Magnesium silicates), Силикат магния (Magnesium silicate), Трисиликат магния (Magnesium trisilicate), Тальк (Talc)",halal,
E554,Алюмосиликат натрия,Эмульгаторы,"Алюмосиликат натрия (Sodium aluminosilicate)",halal,
E555,Алюмосиликат калия,Эмульгаторы,"Алюмосиликат калия (Potassium aluminium silicate)",halal,
E556,Алюмосиликат кальция,Эмульгаторы,"Алюмосиликат кальция (Calcium aluminium silicate)",halal,
E558,Бентонит,Эмульгаторы,"Бентонит (Bentonite)",halal,
E559,Алюмосиликат,Эмульгаторы,"Алюмосиликат (Aluminium silicate)",halal,
E560,Силикат калия,Эмульгаторы,"Силикат калия (Potassium silicate)",halal,
E570,Жирные кислоты,Эмульгаторы,"Жирные кислоты (Fatty acids)",halal,
E574,Глюконовая кислота,Эмульгаторы,"Глюконовая кислота (D-) (Gluconic acid (D-))",halal,
E575,Глюконо-дельта лактон,Эмульгаторы,"Глюконо-дельта лактон (Glucono delta-lactone)",halal,
E576,Глюконат натрия,Эмульгаторы,"Глюконат натрия (Sodium gluconate)",halal,
E577,Глюконат калия,Эмульгаторы,"Глюконат калия (Potassium gluconate)",halal,
E578,Глюконат кальция,Эмульгаторы,"Глюконат кальция (Calcium gluconate)",halal,
E579,Глюконат железа,Эмульгаторы,"Глюконат железа (Ferrous gluconate)",halal,
E580,Глюконат магния,Эмульгаторы,"Глюконат магния (Magnesium gluconate)",halal,
E585,Лактат железа,Эмульгаторы,"Лактат железа (Ferrous lactate)",halal,
E600,,Усилители вкуса,,undefined,
E699,,Усилители вкуса,"Повышают или усиливают вкус и аромат продуктов",undefined,
E620,Глутаминовая кислота,Усилители вкуса,"Глутаминовая кислота, L(+) (Glutamic acid, L(+)",halal,
E621,Глутамат натрия,Усилители вкуса,"Глутамат натрия 1-замещенный (Monosodium glutamate)",halal,
E622,Глутамат калия,Усилители вкуса,"Глутамат калия 1-замещенный (Monopotassium Glutamate)",halal,
E623,Глутамат кальция,Усилители вкуса,"Глутамат кальция (Calcium glutamate)",halal,
E624,Глутамат аммония,Усилители вкуса,"Глутамат аммония 1-замещенный (Monoammonium glutamate)",halal,
E625,Глутамат магния,Усилители вкуса,"Глутамат магния (Magnesium glutamate)",halal,
E626,Гуаниловая кислота,Усилители вкуса,"Гуаниловая кислота (Guanylic acid)",halal,
E627,5-Гуанилат натрия,Усилители вкуса,"5-Гуанилат натрия 2-замещенный (Disodium 5-guanylate)",halal,
E628,5-Гуанилат калия,Усилители вкуса,"5-Гуанилат калия 2-замещенный (Dipotassium S-guanylate)",halal,
E629,5-Гуанилат кальция,Усилители вкуса,"5-Гуанилат кальция (Calcium 5-guanylate)",halal,
E630,Инозиновая кислота,Усилители вкуса,"Инозиновая кислота (Inosimc acid)",halal,
E631,5-Инозинат натрия,Усилители вкуса,"5-Инозинат натрия 2-замещенный (Disodium 5-inosinate)",halal,
E632,Инозинат калия,Усилители вкуса,"Инозинат калия (Potassium inosinate)",halal,
E633,5-Инозинат кальция,Усилители вкуса,"5-Инозинат кальция (Calcium 5-inosinate)",halal,
E634,5-Рибонуклеотиды кальция,Усилители вкуса,"5-Рибонуклеотиды кальция (Calcium 5-ribonucleotides)",halal,
E635,5-Рибонуклеотиды натрия,Усилители вкуса,"5-Рибонуклеотиды натрия 2-замещенные (Disodium 5-ribonucleotides)",halal,
E636,Мальтол,Усилители вкуса,"Мальтол (Maltol)",halal,
E637,Этилмальтол,Усилители вкуса,"Этилмальтол (Ethyl maltol)",halal,
E640,Глицин,Усилители вкуса,"Глицин (Glycine)",undefined,
E641,L-Лейцин,Усилители вкуса,"L-Лейцин (L-Leucine)",undefined,
E642,Лизин гидрохлорид,Усилители вкуса,"Лизин гидрохлорид (Lysin hydrochlorid)",halal,
E900,,Пеногасители,,undefined,
E999,,Пеногасители,"Предупреждают или снижают образование пены",undefined,
E900,Полидиметилсилоксан,Пеногасители,"Полидиметилсилоксан (Polydimethylsiloxane)",halal,
E901,Воск пчелиный,Пеногасители,"Воск пчелиный, белый и желтый (Beeswax white and yellow)",halal,
E902,Воск свечной,Пеногасители,"Воск свечной (Candelilla wax)",halal,
E903,Воск карнаубский,Пеногасители,"Воск карнаубский (Carnauba wax)",undefined,
E904,Шеллак,Пеногасители,"Шеллак (Shellac)",haram,
E905A,Вазелиновое масло,Пеногасители,"Вазелиновое масло «пищевое» (Mineral oil food grade)",halal,
E905B,Вазелин,Пеногасители,"Вазелин (Petrolatum)",halal,
E905C,Парафин,Пеногасители,"Парафин (Petroleum wax), Микрокристаллический воск (Microcrystalline wax), Парафиновый воск (Paraffin wax)",halal,
E906,Бензойная смола,Пеногасители,"Бензойная смола (Benzoin gum)",undefined,
E908,Воск рисовых отрубей,Пеногасители,"Воск рисовых отрубей (Rice bran wax)",halal,
E909,Спермацетовый воск,Пеногасители,"Спермацетовый воск (Spermaceti wax)",halal,
E910,Восковые эфиры,Пеногасители,"Восковые эфиры (Wax esters)",halal,
E913,Ланолин,Пеногасители,"Ланолин (Lanolin)",halal,
E920,Цистеин,Пеногасители,"Цистеин, L- и его гидрохлориды - натриевая и калиевая соли (Cysteine, L-, and its hydrochlorides - sodium and potassium salts)",haram,
E921,Цистин,Пеногасители,"Цистин, L-, и его гидрохлориды - натриевая и калиевая соли (Cystine, L-, and its hydrochlorides -sodium and potassium salts)",haram,
E927A,Азодикарбонамид,Пеногасители,"Азодикарбонамид (Azodicarbonamide)",halal,
E927B,Карбамид,Пеногасители,"Карбамид (мочевина) (Carbamide (urea)",halal,
E928,Перекись бензоила,Пеногасители,"Перекись бензоила (Benzoyl peroxide)",halal,
E930,Перекись кальция,Пеногасители,"Перекись кальция (Calcium peroxide)",halal,
E938,Аргон,Пеногасители,"Аргон (Argon)",halal,
E939,Гелий,Пеногасители,"Гелий (Gellium)",halal,
E940,Дихлордифторметан,Пеногасители,"Дихлордифторметан, (хладон-12) (Dichlorodifluoromethane)",halal,
E941,Азот,Пеногасители,"Азот (Nitrogen)",halal,
E942,Закись азота,Пеногасители,"Закись азота (Nitrous oxide)",halal,
E943A,Бутан,Пеногасители,"Бутан (Butane)",halal,
E943B,Изобутан,Пеногасители,"Изобутан (Isobutane)",halal,
E944,Пропан,Пеногасители,"Пропан (Propane)",halal,
E945,Хлорпентафторэтан,Пеногасители,"Хлорпентафторэтан (Chloropentafluoroethane)",halal,
E946,Октафторциклобутан,Пеногасители,"Октафторциклобутан (Octafluorocyclobutane)",halal,
E948,Кислород,Пеногасители,"Кислород (Oxygen)",undefined,
E950,Ацесульфам калия,Пеногасители,"Ацесульфам калия (Acesulfame potassium)",halal,
E951,Аспартам,Пеногасители,"Аспартам (Aspartame)",suspicious,
E952,Цикламовая кислота,Пеногасители,"Цикламовая кислота и ее натриевая, калиевая и кальциевая соли (Cyclamic acid and Na, К, Са salts)",halal,
E953,Изомальт,Пеногасители,"Изомальт, изомальтит (Isomalt, isomaltitol)",halal,
E954,Сахарин,Пеногасители,"Сахарин (натриевая, калиевая, кальциевая соли) (Saccharin and Na, К, Са salts)",halal,
E955,Сукралоза,Пеногасители,"Сукралоза (трихлоргалактосахароза) (Sucralose (Trichlorogalactosucrose)",halal,
E957,Тауматин,Пеногасители,"Тауматин (Thaumatin)",halal,
E958,Глицирризин,Пеногасители,"Глицирризин (Glycyrrhizin)",halal,
E959,Неогесперидин дигидрохалкон,Пеногасители,"Неогесперидин дигидрохалкон (Neohesperidine dihydrochalcone)",halal,
E960,Стевиозид,Пеногасители,"Стевиозид (Stevioside)",halal,
E962,Твинсвит,Пеногасители,"Твинсвит (Twinsweet)",halal,
E965,Мальтит,Пеногасители,"Мальтит и мальтитный сироп (Maltitol and maltitol syrup)",halal,
E966,Лактит,Пеногасители,"Лактит (Lactitol)",halal,
E967,Ксилит,Пеногасители,"Ксилит (Xylitol)",halal,
E999,Квиллайи экстракт,Пеногасители,"Квиллайи экстракт (Quillaia extracts)",halal,
E1000,"Вновь формируемая группа, в которую входят глазирующие агенты, подсластители соков и кондитерских изделий, добавки, препятствующие слеживанию сахара, соли, для обработки муки, крахмала и иные",Другое,,undefined,
E1000,Холевая кислота,Другое,"Холевая кислота (Cholic acid)",haram,
E1001,Холин,Другое,"Холин, соли и эфиры (Choline salts and esters)",haram,
E1100,Амилазы,Другое,"Амилазы (Amylases)",haram,
E1101,Протеазы,Другое,"Протеазы (Proteases), Протеаза (Protease), Папаин (Papain), Бромелайн (Bromelain), Фицин (Ficin)",haram,
E1102,Глюкозооксидаза,Другое,"Глюкозооксидаза (Glucose oxidase)",haram,
E1103,Инвертазы,Другое,"Инвертазы (Invertases)",haram,
E1104,Липазы,Другое,"Липазы (Lipases)",haram,
E1105,Лизоцим,Другое,"Лизоцим (Lysozyme)",haram,
E1200,Полидекстрозы,Другое,"Полидекстрозы А и N (Polydextroses A and N)",haram,
E1201,Поливинилпирролидон,Другое,"Поливинилпирролидон (Polyvinylpyrrolidone)",undefined,
E1202,Поливинилполипирролидон,Другое,"Поливинилполипирролидон (Polyvinylpolypyrrolidone)",halal,
E1400,Декстрины,Другое,"Декстрины, крахмал, обработанный термически, белый и желтый (Dextrins, roasted starch, white and yellow)",halal,
E1401,Крахмал,Другое,"Крахмал, обработанный кислотой (Acid-treated starch)",halal,
E1402,Крахмал,Другое,"Крахмал, обработанный щелочью (Alkaline-treated starch)",undefined,
E1403,Крахмал,Другое,"Крахмал отбеленный (Bleached starch)",halal,
E1404,Крахмал,Другое,"Крахмал окисленный (Oxidized starch)",halal,
E1405,Крахмал,Другое,"Крахмал, обработанный ферментными препаратами (Starches enzime-treated)",halal,
E1410,Монокрахмалфосфат,Другое,"Монокрахмалфосфат (Monostarch phosphate)",halal,
E1411,Дикрахмалглицерин,Другое,"Дикрахмалглицерин «сшитый» (Distarch glycerol)",halal,
E1412,Дикрахмалфосфат,Другое,"Дикрахмалфосфат, этерифицированный тринатрийметафосфатом; этерифицированный хлорокисью фосфора (Distarch phosphate esterified with sodium trimetasphosphate; esterified with phosphorus oxychloride)",halal,
E1413,Фосфатированный дикрахмалфосфат,Другое,"Фосфатированный дикрахмалфосфат «сшитый» (Phosphated distarch phosphate)",halal,
E1414,Дикрахмалфосфат ацетилированный,Другое,"Дикрахмалфосфат ацетилированный «сшитый» (Acetylated distarch phosphate)",halal,
E1420,Крахмал ацетатный,Другое,"Крахмал ацетатный, этерифицированный уксусным ангидридом (Starch acetate esterified with acetic anhydride)",halal,
E1421,Крахмал ацетатный,Другое,"Крахмал ацетатный, этерифицированный винилацетатом (Starch acetate esterified with vinyl acetate)",halal,
E1422,Дикрахмаладипат ацетилированный,Другое,"Дикрахмаладипат ацетилированный (Acetylated distarch adipate)",halal,
E1423,Дикрахмалглицерин ацетилированный,Другое,"Дикрахмалглицерин ацетилированный (Acetylated distarch glycerol)",halal,
E1440,Крахмал оксипропилированный,Другое,"Крахмал оксипропилированный (Hydroxypropyl starch)",halal,
E1442,Дикрахмалфосфат оксипропилированный,Другое,"Дикрахмалфосфат оксипропилированный «сшитый» (Hydroxypropyl distarch phosphate)",halal,
E1443,Дикрахмалглицерин оксипропилированный,Другое,"Дикрахмалглицерин оксипропилированный (Hydroxypropyl distarch glycerol)",halal,
E1450,Крахмала и натриевой соли октенилянтарной кислоты эфир,Другое,"Крахмала и натриевой соли октенилянтарной кислоты эфир (Starch sodium octenyl succinate)",halal,
E1451,Крахмал ацетилированный окисленный,Другое,"Крахмал ацетилированный окисленный (Acetilated oxydised starch)",halal,
E1503,Касторовое масло,Другое,"Касторовое масло (Castor oil)",undefined,
E1505,Триэтилцитрат,Другое,"Триэтилцитрат (Triethyl citrate)",undefined,
E1518,Триацетин,Другое,"Триацетин (Triacetin)",undefined,
E1520,Пропиленгликоль,Другое,"Пропиленгликоль (Propylene glycol)",halal,
E1521,Полиэтиленгликоль,Другое,"Полиэтиленгликоль (Polyethylene glycol)",haram,