Code;Name;Category;Description;Status
E100;;Красители;Куркумины (Curcumins), Куркумин (Curcumin). Натуральнный краситель из Curcuma longa и других видов. Турмерик (Turm- meric) - порошок корневища куркумы. Халяль.;Халяль
E101;;Красители;Рибофлавины (Riboflavins), Рибофлавин (Riboflavin). Наттриевая соль рибофлавин 5-фосфат (Riboflavin 5-phosphate sodi- ium). Краситель. Халяль.;Халяль
E102;;Красители;Тартразин (Tartrazine). Краситель. Халяль.;Халяль
E103;;Красители;Алканет, Алканин (Alkanet). Краситель. Халяль.;Халяль
E104;;Красители;Желтый хинолиновый (Quinoline Yellow). Краситель. Халляль.;Не определено
E107;;Красители;Желтый 2G (Yellow 2G). Краситель. Халяль.;Халяль
E110;;Красители;Желтый «солнечный закат» (Sunset Yellow FCF). Краситтель. Халяль.;Халяль
E120;;Красители;Кармины (Carmines). Краситель. Харам. Производится из насекомых.;Харам
E122;;Красители;Азорубин, Кармуазин (Azorubine). Краситель. Халяль.;Халяль
E124;;Красители;Понсо 4R, Пунцовый 4R (Ponceau 4R). Краситель. Халляль.;Не определено
E128;;Красители;Красный 2G (Red 2G). Краситель. Халяль.;Халяль
E129;;Красители;Красный очаровательный АС (Allura red AC). Краситель. Халяль.;Халяль
E131;;Красители;Синий патентованный V (Patent blue V). Краситель. Халляль.;Не определено
E132;;Красители;Индигокармин (Indigotine). Краситель. Сомнительное. Может быть животного происхождения.;Сомнительное
E133;;Красители;Синий блестящий FCF, бриллиантовый голубой FCF (Bri- illiant blue FCF). Краситель. Халяль.;Халяль
E140;;Красители;Хлорофилл (Сhlоrорhill). Краситель. Халяль.;Халяль
E141;;Красители;Хлорофилла медные комплексы (Copper Chlorophylls), Хлорофилла комплекс медный (Chlorophyll copper complex), Медного комплекса хлорофиллина натриевая и калиевая соли (Chlorophyllin copper complex, sodium and potassium salts). Красситель. Халяль.;Халяль
E142;;Красители;Зеленый S (Green S). Краситель. Халяль.;Халяль
E143;;Красители;Зеленый прочный FCF (Fast green FCF). Краситель. Халляль.;Не определено
E150A;;Красители;Сахарный колер I простой (Caramel I - Plain). Краситель. Халяль.;Халяль
E150B;;Красители;Сахарный колер II, полученный по «щелочно-сульфитнной» технологии (Caramel II - Caustic sulphite process). Краситтель. Халяль.;Халяль
E150C;;Красители;Сахарный колер III, полученный по «аммиачной» техноллогии (Caramel III - Ammonia process). Краситель. Халяль.;Халяль
E150D;;Красители;Сахарный колер IV, полученный по «аммиачно-сульфитнной» технологии (Caramel IV - Ammonia-sulphite process). Красситель. Халяль.;Халяль
E151;;Красители;Черный блестящий PN, бриллиантовый черный PN (Brillia- ant black PN). Краситель. Халяль.;Халяль
E152;;Красители;Уголь (Carbon black (hydrocarbon). Краситель. Халяль.;Халяль
E153;;Красители;Уголь растительный (Vegetable carbon). Краситель. Халляль.;Не определено
E155;;Красители;Коричневый HT (Brown HT). Краситель. Халяль.;Халяль
E160A;;Красители;Каротины (Carotenes). Бета-Каротин синтетический (Beta-carotene synthetic). Экстракты натуральных каротинов (Nat- tural extracts). Краситель. Халяль.;Халяль
E160B;;Красители;Аннато экстракты (Annato extracts). Краситель. Халяль.;Халяль
E160C;;Красители;Маслосмолы паприки (Paprika oleoresins). Краситель. Халяль.;Халяль
E160D;;Красители;Ликопин (Lycopene). Краситель. Халяль.;Халяль
E160E;;Красители;бета-Апокаротиновый альдегид (Beta-apo-carotenal). Краситель. Халяль.;Халяль
E160F;;Красители;бета-апо-8-каротиновой кислоты метиловый или этиловвый эфиры (Beta-apo-8@-carotenoic Acid, Methyl or ethyl ester). Краситель. Халяль.;Халяль
E161A;;Красители;Флавоксантин (Flavoxanthin). Краситель. Халяль.;Халяль
E161B;;Красители;Лютеин (Lutein). Краситель. Халяль.;Халяль
E161C;;Красители;Криптоксантин (Kryptoxanthin). Краситель. Халяль.;Халяль
E161D;;Красители;Рубиксантин (Rubixanthin). Краситель. Халяль.;Халяль
E161E;;Красители;Виолоксантин (Violoxanthin). Краситель. Халяль.;Халяль
E161F;;Красители;Родоксантин (Rhodoxanthin). Краситель. Халяль.;Халяль
E161G;;Красители;Кантаксантин (Canthaxanthin). Краситель. Халяль.;Халяль
E162;;Красители;Красный свекольный (Веет red). Краситель. Халяль.;Халяль
E163;;Красители;Антоцианы (Anthocyanins), Экстракт из кожицы винограда (Grape skin extract), Экстракт из черной смородины (Blackcurrant extract). Краситель. Халяль.;Халяль
E170;;Красители;Карбонаты кальция (Calcium carbonates), Карбонат кальцция (Calcium carbonate), Гидрокарбонат кальция (Calcium hydrog- gen carbonate). Поверхностный краситель, добавка, препятствуюющая слеживанию и комкованию, стабилизатор. Халяль.;Халяль
E171;;Красители;Диоксид титана (Titanium dioxide). Краситель. Халяль.;Халяль
E172;;Красители;Оксиды железа (Iron oxides), Оксид железа (+2,+3), Чернная (Iron oxide, black), Оксид железа (+3), Красная (Iron oxide, red), Желтая (Iron oxide, yellow). Краситель. Халяль.;Халяль
E174;;Красители;Серебро (Silver). Краситель. Халяль.;Халяль
E175;;Красители;Золото (Gold). Краситель. Халяль.;Халяль
E181;;Красители;Танины пищевые (Tannins, food grade). Краситель, стабиллизатор, эмульгатор. Халяль.;Халяль
E182;;Красители;Орсейл, Орсин (Orchil). Краситель. Халяль. * * *;Халяль
E200;–;Консерванты;;Не определено
E299;Консерванты;Консерванты;Повышают срок хранения продуктов, защищая их от микробов, грибков, бактериофагов, химические стерилизующие добавки при созревании вин, дезинфектанты;Не определено
E200;;Консерванты;Сорбиновая кислота (Sorbic acid). Консервант. Халяль.;Халяль
E201;;Консерванты;Сорбат натрия (Sodium sorbate). Консервант. Халяль.;Халяль
E202;;Консерванты;Сорбат калия (Potassium sorbate). Консервант. Халяль.;Халяль
E203;;Консерванты;Сорбат кальция (Calcium sorbate). Консервант. Халяль.;Халяль
E209;;Консерванты;Пара-оксибензойной кислоты гептиловый эфир (Heptyl p- Hydroxybenzoate). Консервант. Халяль.;Халяль
E210;;Консерванты;Бензойная кислота (Benzoic Acid). Консервант. Халяль.;Халяль
E211;;Консерванты;Бензоат натрия (Sodium benzoate). Консервант. Халяль.;Халяль
E212;;Консерванты;Бензоат калия (Potassium benzoate). Консервант. Халляль.;Не определено
E213;;Консерванты;Бензоат кальция (Calcium benzoate). Консервант. Халляль.;Не определено
E214;;Консерванты;Пара-Оксибензойной кислоты этиловый эфир (Ethyl p-Hyd- droxybenzoate). Консервант. Халяль.;Халяль
E215;;Консерванты;Пара-Оксибензойной кислоты этилового эфира натриевая соль (Sodium ethyl p-Hydroxybenzoate). Консервант. Халяль.;Халяль
E218;;Консерванты;Пара-Оксибензойной кислоты метиловый эфир (Methyl p-Hydroxybenzoate). Консервант. Халяль.;Халяль
E219;;Консерванты;Пара-Оксибензойной кислоты метилового эфира натриеевая соль (Sodium methyl p-Hydroxybenzoate). Консервант. Халляль.;Не определено
E220;;Консерванты;Диоксид серы (Sulphur dioxide). Консервант, антиокислиттель. Халяль.;Халяль
E221;;Консерванты;Сульфит натрия (Sodium sulphite). Консервант, антиокисллитель. Халяль.;Халяль
E222;;Консерванты;Гидросульфит натрия (Sodium hydrogen sulphite). Консерввант, антиокислитель. Халяль.;Халяль
E223;;Консерванты;Пиросульфит натрия (Sodium metabisulphite). Консерввант, антиокислитель, отбеливающий агент. Халяль.;Халяль
E224;;Консерванты;Пиросульфит калия (Potassium metabisulphit). Консервант, антиокислитель. Халяль.;Халяль
E225;;Консерванты;Сульфит калия (Potassium sulphite). Консервант, антиоокислитель. Халяль.;Халяль
E226;;Консерванты;Сульфит кальция (Calcium sulphite). Консервант, антиоокислитель. Халяль.;Халяль
E227;;Консерванты;Гидросульфит кальция (Calcium hydrogen sulphite). Конссервант, антиокислитель. Халяль.;Халяль
E228;;Консерванты;Гидросульфит (бисульфит) калия (Potassium bisulphite). Консервант, антиокислитель. Халяль.;Халяль
E230;;Консерванты;Дифенил (Diphenyl). Консервант. Халяль.;Халяль
E231;;Консерванты;Орто-Фенилфенол (orto-phenylphenol). Консервант. Халляль.;Не определено
E232;;Консерванты;Орто-Фенилфенола натриевая соль (О-Phenylphenol Sodi- ium). Консервант. Халяль.;Халяль
E234;;Консерванты;Низин (Nisin). Консервант. Халяль.;Халяль
E235;;Консерванты;Пимарицин, Натамицин (Pimaricin, natamycin). Консерввант. Халяль.;Халяль
E236;;Консерванты;Муравьиная кислота (Formic acid). Консервант. Халяль.;Халяль
E237;;Консерванты;Формиат натрия (Sodium formate). Консервант. Халяль.;Халяль
E238;;Консерванты;Формиат кальция (Calcium formate). Консервант. Халяль.;Халяль
E239;;Консерванты;Гексаметилентетрамин (Hexamethylene tetramine). Конссервант. Халяль.;Халяль
E241;;Консерванты;Гваяковая камедь (ОЦМ guaicum). Консервант. Халяль.;Халяль
E242;;Консерванты;Диметилдикарбонат (Велькорин) (Dimethyl dicarbonate). Консервант. Халяль.;Халяль
E249;;Консерванты;Нитрит калия (Potassium nitrite). Консервант, фиксатор окраски. Халяль.;Халяль
E250;;Консерванты;Нитрит натрия (Sodium nitrite). Консервант, фиксатор окраски. Халяль.;Халяль
E251;;Консерванты;Нитрат натрия (Sodium nitrate). Консервант, фиксатор окраски. Халяль.;Халяль
E252;;Консерванты;Нитрат калия (Роtаssiuм nitrate). Консервант, фиксатор окраски. Халяль.;Халяль
E260;;Консерванты;Уксусная кислота ледяная (Acetic acid glacial). Консервант, регулятор кислотности. Халяль.;Халяль
E261;;Консерванты;Ацетаты калия (Potassium acetates), Ацетат калия (Potass- sium acetate), Диацетат калия (Potassium diacetate). Консервант, регулятор кислотности. Халяль.;Халяль
E262;;Консерванты;Ацетаты натрия (Sodium acetates), Ацетат натрия (Sodium acetate), Диацетат натрия (Sodium diacetate). Консервант, регуллятор кислотности. Халяль.;Халяль
E263;;Консерванты;Ацетат кальция (Calcium acetates). Консервант, стабилиззатор, регулятор кислотности. Халяль.;Халяль
E264;;Консерванты;Ацетат аммония (Ammonium acetate). Регулятор кислотнности. Халяль.;Халяль
E265;;Консерванты;Дегидрацетовая кислота (Dehydro acetic acid). Консерввант. Халяль.;Халяль
E266;;Консерванты;Дегидрацетат натрия (Sodium dehydroacetate). Консерввант. Халяль.;Халяль
E270;;Консерванты;Молочная кислота L-, D-, и DL- (Lactic acid,L-, D- and DL-). Регулятор кислотности. Халяль.;Халяль
E280;;Консерванты;Пропионовая кислота (Propionic acid). Консервант. Халляль.;Не определено
E281;;Консерванты;Пропионат натрия (Sodium propionate). Консервант. Халляль.;Не определено
E282;;Консерванты;Пропионат кальция (Calcium propionate). Консервант. Халляль.;Не определено
E283;;Консерванты;Пропионат калия (Potassium propionate). Консервант. Халляль.;Не определено
E290;;Консерванты;Диоксид углерода (Carbon dioxide). Газ для насыщения напитков. Халяль.;Халяль
E296;;Консерванты;Яблочная кислота (Malic acid, DL-). Регулятор кислотнос- сти. Халяль.;Халяль
E297;;Консерванты;Фумаровая кислота (Fumaric acid). Регулятор кислотноссти. Халяль. * * *;Халяль
E300;–;Антиокислители;;Не определено
E399;Антиокислители;Антиокислители;Защищают от окисления, например, от прогоркания жиров и изменения цвета;Не определено
E300;;Антиокислители;Аскорбиновая кислота, L- (Ascorbic asid, L-). Aнтиокислиттель. Халяль.;Халяль
E301;;Антиокислители;Аскорбат натрия (Sodium ascorbate). Aнтиокислитель. Халляль.;Не определено
E302;;Антиокислители;Аскорбат кальция (Calcium ascorbate). Aнтиокислитель. Халяль.;Халяль
E303;;Антиокислители;Аскорбат калия (Potassium ascorbate). Aнтиокислитель. Халяль.;Халяль
E304;;Антиокислители;Аскорбилпальмитат (Ascorbyl palmitate). Aнтиокислитель. Халяль.;Халяль
E305;;Антиокислители;Аскорбилстеарат (Ascorbyl stearate). Aнтиокислитель. Халляль.;Не определено
E306;;Антиокислители;Токоферолы, концентрат смеси (Mixed Tocopherols concen- ntrate). Aнтиокислитель. Халяль.;Халяль
E307;;Антиокислители;Aльфа-Токоферол (Alpha-tog opherol). Aнтиокислитель. Халяль.;Халяль
E308;;Антиокислители;Гамма-Токоферол синтетический (Syntethic Gamma-tocop- pherol). Aнтиокислитель. Халяль.;Халяль
E309;;Антиокислители;Дельта-Токоферол синтетический (Syntethic Delta-tocophe- erol). Aнтиокислитель. Халяль.;Халяль
E310;;Антиокислители;Пропилгаллат (Propyl gallate). Aнтиокислитель. Халяль.;Халяль
E311;;Антиокислители;Октилгаллат (Octyl gallate). Aнтиокислитель. Халяль.;Халяль
E312;;Антиокислители;Додецилгаллат (Dodecyl gallate). Aнтиокислитель. Халляль.;Не определено
E314;;Антиокислители;Гваяковая смола (Guaiac resin). Aнтиокислитель. Халляль.;Не определено
E315;;Антиокислители;Изоаскорбиновая (эриторбовая) кислота (Isoascorbic acid, Erythorbic acid). Aнтиокислитель. Халяль.;Халяль
E316;;Антиокислители;Изоаскорбат натрия (Sodium isoascorbate). Aнтиокислиттель. Халяль.;Халяль
E317;;Антиокислители;Изоаскорбат калия (Potassim isoascorbate). Aнтиокислиттель. Халяль.;Халяль
E318;;Антиокислители;Изоаскорбат кальция (Calcium isoascorbate). Aнтиокислиттель. Халяль.;Халяль
E319;;Антиокислители;Трет-Бутилгидрохинон (Tertiary-butylhydroquinone). Aнтиоокислитель. Халяль.;Халяль
E320;;Антиокислители;Бутилгидроксианизол (Butylated hydroxyanisole). Aнтиоккислитель. Халяль.;Халяль
E321;;Антиокислители;Бутилгидрокситолуол, «Ионол» (Butylated hydroxytoluene. Aнтиокислитель. Халяль.;Халяль
E322;;Антиокислители;Лецитины, фосфатиды (Lecithins). Aнтиокислитель, эмульгатор. Халяль.;Халяль
E323;;Антиокислители;Аноксомер (Anoxomer). Aнтиокислитель. Халяль.;Халяль
E325;;Антиокислители;Лактат натрия (Sodium lactate). Синергист антиокислителля, влагоудерживающий агент, наполнитель. Халяль.;Халяль
E326;;Антиокислители;Лактат калия (Potassium lactate). Синергист антиокислителля, регулятор кислотности. Халяль.;Халяль
E327;;Антиокислители;Лактат кальция (Calcium lactate). Регулятор кислотности, улучшитель муки и хлеба. Халяль.;Халяль
E328;;Антиокислители;Лактат аммония (Ammonium lactate). Регулятор кислотнности, улучшитель муки и хлеба. Халяль.;Халяль
E329;;Антиокислители;Лактат магния, DL- (Magnesium lactate, DL-). Регулятор кислотности, улучшитель муки и хлеба. Халяль.;Халяль
E330;;Антиокислители;Лимонная кислота (Citric acid). Регулятор кислотности, антиокислитель, комплексообразователь. Халяль.;Халяль
E331;;Антиокислители;Цитраты натрия (Sodium citrates), Цитрат натрия 1-замещщенный (Sodium dihydrogen citrate), Цитрат натрия 2-замещеннный (Disodium monohydrogen citrate), Цитрат натрия 3-замещеннный (Trisodium citrate). Регулятор кислотности, эмульгатор, стаббилизатор, комплексообразователь. Халяль.;Халяль
E332;;Антиокислители;Цитраты калия (Potassium citrates), Цитрат калия 2-замещ- щенный (Potassium dihydrogen citrate), Цитрат калия 3-замещеннный (Tripotassium citrate). Регулятор кислотности, стабилизатор, комплексообразователь. Халяль.;Халяль
E333;;Антиокислители;Цитраты кальция (Calcium citrates). Регулятор кислотноссти, стабилизатор консистенции, комплексообразователь. Халляль.;Не определено
E334;;Антиокислители;Винная кислота, L(+)- (Tartaric acid, L(+)-). Регулятор кисллотности, синергист антиокислителей, комплексообразователь. Халяль.;Халяль
E335;;Антиокислители;Тартраты натрия (Sodium tartrates), Тартрат натрия 1-заммещенный (Monosodium tartrate), Тартрат натрия 2-замещенный (Disodium tartrate). Стабилизатор, комплексообразователь. Халляль.;Не определено
E336;;Антиокислители;Тартраты калия (Potassium tartrates), Тартрат калия 1-заммещенный (Monopotassium tartrate), Тартрат калия 2-замещеннный (Dipotassium tartrate). Стабилизатор, комплексообразоваттель. Халяль.;Халяль
E337;;Антиокислители;Тартрат калия-натрия (Potassium sodium tartrate). Стабиллизатор, комплексообразователь. Халяль.;Халяль
E338;;Антиокислители;Орто-Фосфорная кислота (Orthophosphoric acid). Регуляттор кислотности, синергист антиокислителей. Халяль.;Халяль
E339;;Антиокислители;Фосфаты натрия (Sodium phosphates), Орто-Фосфат наттрия 1-замещенный (Monosodium orthophosphate), Орто-Фосфат натрия 2-замещенный (Disodium orthophosphate), Орто-Фосфат натрия 3-замещенный (Trisodium orthophosphate). Регулятор кисллотности, эмульгатор, текстуратор, влагоудерживающий агент, стабилизатор, комплексообразователь. Халяль.;Халяль
E340;;Антиокислители;Фосфаты калия (Potassium phosphates), Орто-Фосфат каллия 1-замещенный (Monopotassium orthophosphate), Орто-Фосффат калия 2-замещенный (Dipotassium orthophosphate), ОртоФосфат калия 3-замещенный (Tripotassium orthophosphate). Регулятор кислотности, эмульгатор, влагоудерживающий агент, стабилизатор, комплексообразователь. Халяль.;Халяль
E341;;Антиокислители;Фосфаты кальция (Calcium phosphates), Орто-Фосфат кальция 1-замещенный (Monocalcium orthophosphate), ОртоФосфат кальция 2-замещенный (Dicalcium orthophosphate), Орто-Фосфат кальция 3-замещенный (Tricalcium orthophosphat- te). Регулятор кислотности улучшитель муки и хлеба, стабилиззатор, отвердитель, текстуратор, разрыхлитель, добавка, преппятствующая слеживанию и комкованию, влагоудерживающий агент. Халяль.;Халяль
E342;;Антиокислители;Фосфаты аммония (Ammonium phosphates), Орто-Фосфат аммония 1-замещенный (Monoammonium orthophosphate), ОртоФосфат аммония 2-замещенный (Diammonium orthophosphate). Регулятор кислотности, улучшитель муки и хлеба. Халяль.;Халяль
E343;;Антиокислители;Фосфаты магния (Magnesium phosphates), Орто-Фосфат магния 1-замещенный (Monomagnesium orthophosphate), ОртоФосфат магния 2-замещенный (Dimagnesium orthophosphate), Орто-Фосфат магния 3-замещенный (Trimagnesium orthophospha- ate). Регулятор кислотности, добавка, препятствующая слеживванию и комкованию. Халяль.;Халяль
E345;;Антиокислители;Цитрат магния (Magnesium citrate). Регулятор кислотноссти. Халяль.;Халяль
E349;;Антиокислители;Малат аммония (Ammonium malate). Регулятор кислотнности. Халяль.;Халяль
E350;;Антиокислители;Малаты натрия (Sodium malates), Малат натрия 1-замещщенный (Sodium hydrogen malate), Малат натрия (Sodium malate). Регулятор кислотности, влагоудерживающий агент. Халяль.;Халяль
E351;;Антиокислители;Малаты калия (Potassium malates), Малат калия 1-замещщенный (Potassium hydrogen malate), Малат калия (Potassium malate). Регулятор кислотности. Халяль.;Халяль
E352;;Антиокислители;Малаты кальция (Calcium malates), Малат кальция 1-заммещенный (Calcium hydrogen malate), Малат кальция (Calcium malate). Регулятор кислотности. Халяль.;Халяль
E353;;Антиокислители;Мета-Винная кислота (Metatartaric acid). Регулятор кисллотности. Халяль.;Халяль
E354;;Антиокислители;Тартрат кальция (Calcium tartrate). Регулятор кислотноссти. Халяль.;Халяль
E355;;Антиокислители;Адипиновая кислота (Adipic acid). Регулятор кислотности. Халяль.;Халяль
E356;;Антиокислители;Адипаты натрия (Sodium adipates). Регулятор кислотноссти. Халяль.;Халяль
E357;;Антиокислители;Адипаты калия (Potassium adipates). Регулятор кислотнности. Халяль.;Халяль
E359;;Антиокислители;Адипаты аммония (Ammonium adipates). Регулятор кисллотности. Халяль.;Халяль
E363;;Антиокислители;Янтарная кислота (Succinic acid). Регулятор кислотности. Халяль.;Халяль
E365;;Антиокислители;Фумараты натрия (Sodium fumarates). Регулятор кислотнности. Халяль.;Халяль
E366;;Антиокислители;Фумараты калия (Potassium fumarates). Регулятор кислотнности. Халяль.;Халяль
E367;;Антиокислители;Фумараты кальция (Calcium fumarates). Регулятор кислотнности. Халяль.;Халяль
E368;;Антиокислители;Фумараты аммония (Ammonium fumarate). Регулятор кисллотности. Халяль.;Халяль
E375;;Антиокислители;Никотиновая кислота (Nicotinic acid). Стабилизатор цвета. Халяль.;Халяль
E380;;Антиокислители;Цитраты аммония (Ammonium citrates). Регулятор кислотнности. Халяль.;Халяль
E381;;Антиокислители;Цитрат аммония-железа (Ferric ammonium citrate). Регуллятор кислотности. Халяль.;Халяль
E383;;Антиокислители;Глицерофосфат кальция (Calcium Glycerophosphate). Стабилизатор, загуститель. Халяль.;Халяль
E384;;Антиокислители;Изопропилцитратная смесь (Isopropyl citrates). Добавка препятствующая слеживанию и комкованию. Халяль.;Халяль
E385;;Антиокислители;Этилендиаминтетраацетат кальция-натрия (Calcium disod- dium ethylenediamine-tetra-acetate). Антиокислитель, консервант, комплексообразователь. Халяль.;Халяль
E386;;Антиокислители;Этилендиаминтетраацетат динатрий (Disodium ethylene- diamine-tetra-acetate). Синергист антиокислителя, консервант, комплексообразователь. Халяль.;Халяль
E387;;Антиокислители;Оксистеарин (Oxystearin). Антиокислитель, комплексооббразователь. Халяль.;Халяль
E391;;Антиокислители;Фитиновая кислота (Phytic acid). Aнтиокислитель. Халляль. * * *;Не определено
E400;–;Стабилизаторы;;Не определено
E499;Стабилизаторы;Стабилизаторы;Сохраняют заданную консистенцию. Загустители. Повышают вязкость;Не определено
E400;;Стабилизаторы;Альгиновая кислота (Alginic acid). Загуститель, стабилиззатор. Халяль.;Халяль
E401;;Стабилизаторы;Альгинат натрия (Sodium alginate). Загуститель, стабилиззатор. Халяль.;Халяль
E402;;Стабилизаторы;Альгинат калия (Potassium alginate). Загуститель, стабиллизатор. Халяль.;Халяль
E403;;Стабилизаторы;Альгинат аммония (Ammonium alginate). Загуститель, стаббилизатор. Халяль.;Халяль
E404;;Стабилизаторы;Альгинат кальция (Calcium alginate). Загуститель, стабиллизатор, пеногаситель. Халяль.;Халяль
E405;;Стабилизаторы;Пропиленгликольальгинат (Propylene glycol alginate). Заггуститель, эмульгатор. Халяль.;Халяль
E406;;Стабилизаторы;Агар (Agar). Загуститель, стабилизатор, желирующий агент. Халяль.;Халяль
E407;;Стабилизаторы;Каррагинан и его натриевая, калиевая, аммонийная соли, включая фурцеллеран (Carrageenan and its Na, К, NH4 salts inclu- udes furcellaran). Загуститель, стабилизатор, желирующий агент. Халяль. Е407а - Каррагинан из водорослей Euchema (Carrageenan pes- Processed euchema seaweed). Загуститель, стабилизатор, желиррующий агент. Халяль.;Халяль
E409;;Стабилизаторы;Арабиногалактан (Arabinogalactan). Загуститель, стабиллизатор, желирующий агент. Халяль.;Халяль
E410;;Стабилизаторы;Камедь рожкового дерева (Carob bean gum). Загуститель, стабилизатор. Халяль.;Халяль
E411;;Стабилизаторы;Овсяная камедь (Oat gum). Загуститель, стабилизатор. Халяль.;Халяль
E412;;Стабилизаторы;Гуаровая камедь (Guar gum). Загуститель, стабилизатор. Халяль.;Халяль
E413;;Стабилизаторы;Трагакант камедь (Tragacanth gum). Загуститель, стабиллизатор, эмульгатор. Халяль.;Халяль
E414;;Стабилизаторы;Гуммиарабик (Gum arabic, Acacia gum). Загуститель, стаббилизатор. Халяль.;Халяль
E415;;Стабилизаторы;Ксантановая камедь (Xantan gum). Загуститель, стабилиззатор. Халяль.;Халяль
E416;;Стабилизаторы;Карайи камедь (Karaya gum). Загуститель, стабилизатор. Халяль.;Халяль
E417;;Стабилизаторы;Тары камедь (Таrа gum). Загуститель, стабилизатор. Халляль.;Не определено
E418;;Стабилизаторы;Геллановая камедь (Gellan gum). Загуститель, стабилизаттор, желирующий агент. Халяль.;Халяль
E419;;Стабилизаторы;Гхатти камедь (Gum ghatti). Загуститель, стабилизатор, желирующий агент. Халяль.;Халяль
E420;;Стабилизаторы;Сорбит и сорбитовый сироп (Sorbitol and sorbitol syrup). Подсластитель, влагоудерживающий агент, комплексообразоваттель, текстуратор, эмульгатор. Халяль.;Халяль
E421;;Стабилизаторы;Маннит (Manmtol). Подсластитель, добавка, препятствующщая слеживанию и комкованию. Халяль.;Халяль
E422;;Стабилизаторы;Глицерин (Glycerol). Влагоудерживающий агент, загуститтель. Сомнительное. Может быть произведен из животного сыррья.;Сомнительное
E425;;Стабилизаторы;Конжак (Конжаковая мука (Konjac, Konjac flour), Конжаковвая камедь (Konjac gum), Конжаковый глюкоманнан (Konjac gluco- omannane). Загуститель. Халяль.;Халяль
E430;;Стабилизаторы;Полиоксиэтилен (8) стеарат (Polyoxyethylene (8) stearate). Эмульгатор. Халяль.;Халяль
E431;;Стабилизаторы;Полиоксиэтилен (40) стеарат Polyoxyethylene (40) stearat- te). Эмульгатор. Халяль.;Халяль
E432;;Стабилизаторы;Полиоксиэтилен (20) сорбитан монолаурат, Твин 20 (Polyo- oxyethylene (20) sorbitan monolaurate). Эмульгатор. Халяль.;Халяль
E433;;Стабилизаторы;Полиоксиэтилен (20) сорбитан моноолеат, Твин 80 (Polyox- xyethylene (20) sorbitan monooleate. Эмульгатор. Халяль.;Халяль
E434;;Стабилизаторы;Полиоксиэтилен (20) сорбитан монопальмитат, Твин 40 (Polyoxyethylene (20) sorbitan monopalmitate). Эмульгатор. Халляль.;Не определено
E435;;Стабилизаторы;Полиоксиэтилен (20) сорбитан моностеарат, Твин 60 (Poly- yoxyethylene (20) sorbitan monostearate). Эмульгатор. Халяль.;Халяль
E436;;Стабилизаторы;Полиоксиэтилен (20) сорбитан три-стеарат (Polyoxyethyle- ene (20) sorbitan trjstearate). Эмульгатор. Халяль.;Халяль
E440;;Стабилизаторы;Пектины (Pectins). Загуститель, стабилизатор, желирующщий агент. Халяль.;Халяль
E441;;Стабилизаторы;Желатин (Gelatin). Загуститель, стабилизатор, желирующщий агент. Харам. Производится из животного сырья.;Харам
E442;;Стабилизаторы;Аммонийные соли фосфатидиловой кислоты (Ammoniun salts of phosphatidic acid). Эмульгатор. Халяль.;Халяль
E444;;Стабилизаторы;Сахарозы ацетат изобутират (Sucrose acetate, isobutirat). Эмульгатор, стабилизатор. Халяль.;Халяль
E445;;Стабилизаторы;Эфиры глицерина и смоляных кислот (Glycerol esters of wood resin). Эмульгатор, стабилизатор. Халяль.;Халяль
E446;;Стабилизаторы;Сукцистеарин (Succistearin). Эмульгатор. Халяль.;Халяль
E450;;Стабилизаторы;Пирофосфаты (Diphosphates), Дигидропирофосфат наттрия (Disodium diphosphate), Моногидропирофосфат натрия (Trisodium diphosphate), Пирофосфат натрия (Tetrasodium dipho- osphate), Дигидропирофосфат калия (Dipotassium diphosphate), Пирофосфат калия (Tetrapotassium diphosphate), Пирофосфат кальция (Dicalcium diphosphate), Дигидропирофосфат кальция (Calcium dihydrogen diphosphate), Пирофосфат магния (Dimagn- nesium diphosphate). Эмульгатор, стабилизатор, регулятор кисллотности, разрыхлитель, комплексообразователь, влагоудерживвающий агент. Халяль.;Халяль
E451;;Стабилизаторы;Трифосфаты (Triphosphates), Трифосфат натрия (5-замещщенный) (Pentasodium triphosphate), Трифосфат калия (5-замещщенный) (Pentapotassium triphosphate). Комплексообразователь, регулятор кислотности, текстуратор. Халяль.;Халяль
E452;;Стабилизаторы;Полифосфаты (Polyphosphates), Полифосфат натрия (Sodium рolyphosphate), Полифосфат калия (Potassium polypho- osphate), Полифосфат натрия-кальция (Sodium calcium polypho- osphate), Полифосфаты кальция (Calcium polyphosphates), Поллифосфаты аммония (Ammonium polyphosphates). Эмульгатор, стабилизатор, комплексообразователь, текстуратор, влагоудержживающий агент. Эмульгатор, стабилизатор, комплексообразовватель, текстуратор, влагоудерживающий агент. Халяль.;Халяль
E459;;Стабилизаторы;бета-Циклодекстрин (Beta-cyclodextrin). Стабилизатор, связующее вещество. Халяль.;Халяль
E460;;Стабилизаторы;Целлюлоза (Cellulose), Целлюлоза (Microcrystalline cellu- ulose), Целлюлоза в порошке (Powdered cellulose). Эмульгатор, микрокристаллическая добавка, препятствующая слеживанию и комкованию. Халяль.;Халяль
E461;;Стабилизаторы;Метилцеллюлоза (Methyl cellulose). Эмульгатор, загуститтель, стабилизатор. Халяль.;Халяль
E462;;Стабилизаторы;Этилцеллюлоза (Ethyl cellulose). Наполнитель, связующщий агент. Халяль.;Халяль
E463;;Стабилизаторы;Гидроксипропилцеллюлоза (Hydroxypropyl cellulose). Эмульгатор, загуститель. Халяль.;Халяль
E464;;Стабилизаторы;Гидроксипропилметилцеллюлоза (Hydroxypropyl, загуститтель, methyl cellulose). Эмульгатор, стабилизатор. Халяль.;Халяль
E465;;Стабилизаторы;Метилэтилцеллюлоза (Methyl ethyl cellulose). загуститель, эмульгатор, стабилизатор, пенообразователь. Халяль.;Халяль
E466;;Стабилизаторы;Карбоксиметилцеллюлоза натриевая соль (Sodium carbo- oxymethyl cellulose). загуститель, стабилизатор. Халяль.;Халяль
E467;;Стабилизаторы;Этилгидроксиэтилцеллюлоза (Ethylhydroxyethyl cellulose). эмульгатор, загуститель, стабилизатор слеживанию и комкованнию. Халяль.;Халяль
E468;;Стабилизаторы;Кроскарамеллоза (Croscaramellose). стабилизатор, связзующее вещество. Халяль.;Халяль
E469;;Стабилизаторы;Карбоксиметилцеллюлоза ферментативно гидролизованнная. загуститель, стабилизатор. Халяль.;Халяль
E471;;Стабилизаторы;Моно- и диглицериды жирных кислот (Mono- and diglycer- rides of fatty acids). Эмульгатор, стабилизатор. Сомнительное. Может быть произведен из животного сырья.;Сомнительное
E472A;;Стабилизаторы;Глицерина и уксусной и жирных кислот эфиры (Aceti- ic and fatty acid esters of glycerol). эмульгатор, стабилизатор, комплексообразователь. Сомнительное. Может быть произведден из животного сырья.;Сомнительное
E472B;;Стабилизаторы;Глицерина и молочной и жирных кислот эфиры (Lact- tic and fatty acid esters of glycerol). эмульгатор, стабилизатор, комплексообразователь. Сомнительное. Может быть произвед- ден из животного сырья.;Сомнительное
E472C;;Стабилизаторы;Глицерина и лимонной кислоты и жирных кислот эфиры (Citric and fatty acid esters of glycerol). эмульгатор, стабилизатор, комплексообразователь. Сомнительное. Может быть произведден из животного сырья.;Сомнительное
E472D;;Стабилизаторы;Моно- и диглицериды жирных кислот и винной кислотты, эфиры (Tartaric acid esters of Mono- and diglycerides of fatty acids). эмульгатор, стабилизатор, комплексообразователь. Соммнительное. Может быть произведен из животного сырья.;Не определено
E472G;;Стабилизаторы;Моноглицеридов и янтарной кислоты эфиры (Suc- ccinylated monoglycerides). эмульгатор, стабилизатор, комплексообразователь. Сомнительное. Может быть произведден из животного сырья.;Сомнительное
E472E;;Стабилизаторы;Глицерина и диацетилвинной и жирных кислот эфирры (Diacetyltartaric and fatty acid esters of glycerol). эмульгатор, стабилизатор, комплексообразователь. Сомнительное. Может быть произведен из животного сырья.;Сомнительное
E472F;;Стабилизаторы;Глицерина и винной, уксусной и жирных кислот смешаннные эфиры (Mixed tartaric, acetic and fatty acid esters of glycerol). эмульгатор, стабилизатор, комплексообразователь. Сомниттельное. Может быть произведен из животного сырья.;Сомнительное
E473;;Стабилизаторы;Сахарозы и жирных кислот, эфиры (Sucrose esters of fatty acids). эмульгатор. Халяль.;Халяль
E474;;Стабилизаторы;Caxapoглицериды (Sucroglycerides). эмульгатор. Халляль.;Не определено
E475;;Стабилизаторы;Полиглицерина и жирных кислот эфиры (Polyglycerol este- ers of fatty acids). эмульгатор. Халяль.;Халяль
E476;;Стабилизаторы;Полиглицерина и взаимоэтерифицированных рициноловвых кислот эфиры (Polyglycerol esters of interesterified ricinoleic acid). эмульгатор. Халяль.;Халяль
E477;;Стабилизаторы;Пропиленгликоля и жирных кислот эфиры (Propylene glyc- col esters of fatty acids). эмульгатор. Халяль.;Халяль
E478;;Стабилизаторы;Лактилированных жирных кислот глицерина и пропиленггликоля эфиры (Lactylated fatty esters of glycerol and propylene glycol). эмульгатор. Сомнительное. Может быть произведен из животного сырья.;Сомнительное
E479;;Стабилизаторы;Термически окисленное соевое масло с моно- и диглиццеридами жирных кислот (Thermally oxidized soya bean oil with mono- and di-glycerides of fatty acids). эмульгатор. Халяль.;Халяль
E480;;Стабилизаторы;Диоктилсульфосукцинат натрия (Dioctyl sodium sulphosucc- cinate). эмульгатор, увлажняющий агент. Халяль.;Халяль
E481;;Стабилизаторы;Лактилаты натрия (Sodium lactylates), Стеароиллактилат натрия (Sodium stearoyl lactylate), Олеиллактилат натрия (Sodiu- um oleyl lactylate monostearate). Эмульгатор, стабилизатор. Халляль.;Не определено
E482;;Стабилизаторы;Лактилаты кальция (Calcium lactylates). Эмульгатор, стаббилизатор. Халяль.;Халяль
E483;;Стабилизаторы;Стеарилтартрат (Stearyl tartrate). улучшитель для муки и хлеба. Халяль.;Халяль
E484;;Стабилизаторы;Стеарилцитрат (Stearyl citrate). эмульгатор, комплексооббразователь. Халяль.;Халяль
E491;;Стабилизаторы;Сорбитан моностеарат, СПЭН 60 (Sorbitan monostearate). эмульгатор. Халяль.;Халяль
E492;;Стабилизаторы;Сорбитан тристеарат (Sorbitan tristearate). эмульгатор. Халяль.;Халяль
E493;;Стабилизаторы;Сорбитан монолаурат, СПЭН 20 (Sorbitan monolaurate). эмульгатор. Халяль.;Халяль
E494;;Стабилизаторы;Сорбитан моноолеат, СПЭН 80 (Sorbitan monooleate). эмульгатор. Халяль.;Халяль
E495;;Стабилизаторы;Сорбитан монопальмитат, СПЭН 40 (Sorbitan monopalmi- itate). эмульгатор. Халяль.;Халяль
E496;;Стабилизаторы;Сорбитан триолеат, СПЭН 85 (Sorbitan trioleat). Эмульгаттор, стабилизатор. Халяль.;Халяль
E500;–;Эмульгаторы;;Не определено
E599;Эмульгаторы;Эмульгаторы;Создают однородную смесь несмешиваемых фаз, например, воды и масла;Не определено
E500;;Эмульгаторы;Карбонаты натрия (Sodium carbonates), Карбонат натрия (Sodium carbonate), Гидрокарбонат натрия (Sodium hydrogen car- rbonate), Смесь карбоната и гидрокарбоната натрия (Sodium ses- squicarbonate). регулятор кислотности, разрыхлитель добавка, препятствующая слеживанию и комкованию. Халяль.;Халяль
E501;;Эмульгаторы;Карбонаты калия (Potassium carbonates), Карбонат калия (Potassium carbonate), Гидрокарбонат калия (Potassium hydrogen carbonate). регулятор кислотности, стабилизатор. Халяль.;Халяль
E503;;Эмульгаторы;Карбонаты аммония (Ammonium carbonates), Карбонат аммония (Ammonium carbonate), Гидрокарбонат аммония (Amm- monium hydrogen carbonate). регулятор кислотности, разрыхлиттель. Халяль.;Халяль
E504;;Эмульгаторы;Карбонаты магния (Magnesium carbonates), Карбонат магнния (Magnesium carbonate), Гидрокарбонат магния (Magnesium hydrogen carbonate). Регулятор кислотности, добавка, препятсствующая слеживанию и комкованию, стабилизатор цвета. Халляль.;Не определено
E505;;Эмульгаторы;Карбонат железа (Ferrous carbonat). регулятор кислотноссти. Халяль.;Халяль
E507;;Эмульгаторы;Соляная кислота (Hydrochloric acid). регулятор кислотноссти. Халяль.;Халяль
E508;;Эмульгаторы;Хлорид калия (Potassium chloride). желирующий агент. Халяль.;Халяль
E509;;Эмульгаторы;Хлорид кальция (Calcium chloride). отвердитель. Халляль.;Не определено
E510;;Эмульгаторы;Хлорид аммония (Ammonium chloride). улучшитель для муки и хлеба. Халяль.;Халяль
E511;;Эмульгаторы;Хлорид магния (Magnesium chloride). отвердитель. Халляль.;Не определено
E513;;Эмульгаторы;Серная кислота (Sulphuric acid). регулятор кислотности. Халяль.;Халяль
E514;;Эмульгаторы;Сульфаты натрия (Sodium sulphates). регулятор кислотнности. Халяль.;Халяль
E515;;Эмульгаторы;Сульфаты калия (Potassium sulphates). регулятор кислотнности. Халяль.;Халяль
E516;;Эмульгаторы;Сульфаты кальция (Calcium sulphate). улучшитель муки и хлеба, комплексообразователь, отвердитель. Халяль.;Халяль
E517;;Эмульгаторы;Сульфаты аммония (Ammonium sulphate). улучшитель муки и хлеба, стабилизатор. Халяль.;Халяль
E518;;Эмульгаторы;Сульфаты магния (Magnesium sulphate). отвердитель. Халяль.;Халяль
E519;;Эмульгаторы;Сульфат меди (Cupric sulphate). фиксатор цвета, консерввант. Халяль.;Халяль
E520;;Эмульгаторы;Сульфат алюминия (Aluminium sulphate). отвердитель. Халяль.;Халяль
E521;;Эмульгаторы;Сульфат алюминия-натрия, квасцы алюмонатриевые (Аlu- uminium sodium sulphate). отвердитель. Халяль.;Халяль
E522;;Эмульгаторы;Сульфат алюминия-калия, квасцы алюмокалиевые (Аlum- minium potassium sulphate). регулятор кислотности, стабилизаттор. Халяль.;Халяль
E523;;Эмульгаторы;Сульфат алюминия-аммония, квасцы алюмоаммиачные (Аluminium ammonium sulphate). стабилизатор, отвердитель. Халляль.;Не определено
E524;;Эмульгаторы;Гидроксид натрия (Sodium hydroxide). регулятор кислотнности. Халяль.;Халяль
E525;;Эмульгаторы;Гидроксид калия (Potassium hydroxide). регулятор кислотнности. Халяль.;Халяль
E526;;Эмульгаторы;Гидроксид кальция (Calcium hydroxide). регулятор кислотнности, отвердитель. Халяль.;Халяль
E527;;Эмульгаторы;Гидроксид аммония (Ammonium hydroxide). регулятор кислотности. Халяль.;Халяль
E528;;Эмульгаторы;Гидроксид магния (Magnesium hydroxide). регулятор кисллотности, стабилизатор цвета, регулятор кислотности, стабилиззатор цвета. Халяль.;Халяль
E529;;Эмульгаторы;Оксид кальция (Calcium oxide). регулятор кислотности, улучшитель муки и хлеба. Халяль.;Халяль
E530;;Эмульгаторы;Оксид магния (Magnesium oxide). добавка, препятствующщая слеживанию и комкованию. Халяль.;Халяль
E535;;Эмульгаторы;Ферроцианид натрия (Sodium ferrocyamde). добавка, преппятствующая слеживанию и комкованию. Халяль.;Халяль
E536;;Эмульгаторы;Ферроцианид калия (Potassium ferrocyanide). добавка, препятствующая слеживанию и комкованию. Халяль.;Халяль
E538;;Эмульгаторы;Ферроцианид кальция (Calcium ferrocyanide). добавка, препятствующая слеживанию и комкованию. Халяль.;Халяль
E539;;Эмульгаторы;Тиосульфат натрия (Sodium thiosulphate). антиокислитель, комплексообразователь. Халяль.;Халяль
E541;;Эмульгаторы;Алюмофосфат натрия (Sodium aluminium phosphate), Кисллотный (Acidis), Основной (Basic). регулятор кислотности, эмульггатор. Халяль.;Халяль
E542;;Эмульгаторы;Фосфат костный (фосфат кальция) (Bone phosphate) (ess- sentiale Calcium phosphate tribasic). эмульгатор, добавка, преппятствующая слеживанию и комкованию, влагоудерживающий агент. Харам. Производится из костей.;Харам
E550;;Эмульгаторы;Силикаты натрия (Sodium silicates), Силикат натрия (Sodi- ium silicate), Мета-cиликат натрия (Sodium metasilicate). добавка, препятствующая слеживанию и комкованию. Халяль.;Халяль
E551;;Эмульгаторы;Диоксид кремния аморфный (Silicon dioxide amorphous). добавка, препятствующая слеживанию и комкованию. Халяль.;Халяль
E552;;Эмульгаторы;Силикат кальция (Calcium silicate). добавка, препятствующщая слеживанию и комкованию. Халяль.;Халяль
E553;;Эмульгаторы;Силикаты магния (Magnesium silicates), Силикат магния (Magnesium silicate), Трисиликат магния (Magnesium trisilicate), Тальк (Talc). добавка, препятствующая слеживанию и комкованнию. Халяль.;Халяль
E554;;Эмульгаторы;Алюмосиликат натрия (Sodium aluminosilicat). добавка, препятствующая слеживанию и комкованию. Халяль.;Халяль
E555;;Эмульгаторы;Алюмосиликат калия (Potassium aluminium silicate). добавкка, препятствующая слеживанию и комкованию. Халяль.;Халяль
E556;;Эмульгаторы;Алюмосиликат кальция (Calcium aluminium silicate). добавкка, препятствующая слеживанию и комкованию. Халяль.;Халяль
E558;;Эмульгаторы;Бентонит (Bentonite). добавка, препятствующая слеживаннию и комкованию. Халяль.;Халяль
E559;;Эмульгаторы;Алюмосиликат (Aluminium silicate). добавка, препятствующщая слеживанию и комкованию. Халяль.;Халяль
E560;;Эмульгаторы;Силикат калия (Potassium silicate). добавка, препятствующщая слеживанию и комкованию. Халяль.;Халяль
E570;;Эмульгаторы;Жирные кислоты (Fatty acids). стабилизатор пены, глазиррователь, пеногаситель. Халяль.;Халяль
E574;;Эмульгаторы;Глюконовая кислота (D-) (Gluconic acid (D-). регулятор кислотности, разрыхлитель. Халяль.;Халяль
E575;;Эмульгаторы;Глюконо-дельта лактон (Glucono delta-lactone). Регулятор кислотности, разрыхлитель. Халяль.;Халяль
E576;;Эмульгаторы;Глюконат натрия (Sodium gluconate). комплексообразоваттель. Халяль.;Халяль
E577;;Эмульгаторы;Глюконат калия (Potassium gluconate). комплексообразовватель. Халяль.;Халяль
E578;;Эмульгаторы;Глюконат кальция (Calcium gluconate). регулятор кислотнности, отвердитель. Халяль.;Халяль
E579;;Эмульгаторы;Глюконат железа (Ferrous gluconate). стабилизатор окрасски. Халяль.;Халяль
E580;;Эмульгаторы;Глюконат магния (Magnesium gluconate). регулятор кисллотности, отвердитель. Халяль.;Халяль
E585;;Эмульгаторы;Лактат железа (Ferrous lactate). стабилизатор окраски. Халяль.;Халяль
E600;–;Усилители вкуса;;Не определено
E699;Усилители вкуса и аромата;Усилители вкуса;;Не определено
E620;;Усилители вкуса;Глутаминовая кислота, L(+) (Glutamic acid, L(+). усилиттель вкуса и аромата. Халяль.;Халяль
E621;;Усилители вкуса;Глутамат натрия 1-замещенный (Monosodium glutamate). усилитель вкуса и аромата. Халяль.;Халяль
E622;;Усилители вкуса;Глутамат калия 1-замещенный (Monopotassium Glutamat- te). усилитель вкуса и аромата. Халяль.;Халяль
E623;;Усилители вкуса;Глутамат кальция (Calcium glutamate). усилитель вкуса и аромата. Халяль.;Халяль
E624;;Усилители вкуса;Глутамат аммония 1-замещенный (Monoammonium glutam- mate). усилитель вкуса и аромата. Халяль.;Халяль
E625;;Усилители вкуса;Глутамат магния (Magnesium glutamate). усилитель вкуса и аромата. Халяль.;Халяль
E626;;Усилители вкуса;Гуаниловая кислота (Guanylic acid). усилитель вкуса и аромата. Халяль.;Халяль
E627;;Усилители вкуса;5-Гуанилат натрия 2-замещенный (Disodium 5-guanylate). усилитель вкуса и аромата. Халяль.;Халяль
E628;;Усилители вкуса;5-Гуанилат калия 2-замещенный (Dipotassium S-guanylat- te). усилитель вкуса и аромата. Халяль.;Халяль
E629;;Усилители вкуса;5-Гуанилат кальция (Calcium 5-guanylate). усилитель вкусса и аромата. Халяль.;Халяль
E630;;Усилители вкуса;Инозиновая кислота (Inosimc acid). усилитель вкуса и ароммата. Халяль.;Халяль
E631;;Усилители вкуса;5-Инозинат натрия 2-замещенный (Disodium 5-inosinate). усилитель вкуса и аромата. Халяль.;Халяль
E632;;Усилители вкуса;Инозинат калия (Potassium inosinate). усилитель вкуса и аромата. Халяль.;Халяль
E633;;Усилители вкуса;5-Инозинат кальция (Calcium 5-inosinate). усилитель вкусса и аромата. Халяль.;Халяль
E634;;Усилители вкуса;5-Рибонуклеотиды кальция (Calcium 5-ribonucleotides). усилитель вкуса и аромата. Халяль.;Халяль
E635;;Усилители вкуса;5-Рибонуклеотиды натрия 2-замещенные (Disodium 5-ribo- onucleotides). усилитель вкуса и аромата. Халяль.;Халяль
E636;;Усилители вкуса;Мальтол (Maltol). усилитель вкуса и аромата. Халяль.;Халяль
E637;;Усилители вкуса;Этилмальтол (Ethyl maltol). усилитель вкуса и аромата. Халяль.;Халяль
E640;;Усилители вкуса;Глицин (Glycine). модификатор вкуса и аромата. Халляль.;Не определено
E641;;Усилители вкуса;L-Лейцин (L-Leucine). модификатор вкуса и аромата. Халляль.;Не определено
E642;;Усилители вкуса;Лизин гидрохлорид (Lysin hydrochlorid). усилитель вкуса и аромата. Халяль.;Халяль
E900;–;Пеногасители;;Не определено
E999;Пеногасители;Пеногасители;Предупреждают или снижают образование пены;Не определено
E900;;Пеногасители;Полидиметилсилоксан (Polydimethylsiloxane). пеногаситтель, эмульгатор, добавка, препятствующая слеживанию и комккованию. Халяль.;Халяль
E901;;Пеногасители;Воск пчелиный, белый и желтый (Beeswax white and yellow). Глазирователь, разделитель. Халяль.;Халяль
E902;;Пеногасители;Воск свечной (Candelilla wax). глазирователь. Халяль.;Халяль
E903;;Пеногасители;Воск карнаубский (Carnauba wax). глазирователь. Халляль.;Не определено
E904;;Пеногасители;Шеллак (Shellac). глазирователь. Харам. Призводится из насекомых.;Харам
E905A;;Пеногасители;Вазелиновое масло «пищевое» (Mineral oil food grade). глазирователь, разделитель, герметик. Халяль.;Халяль
E905B;;Пеногасители;Вазелин (Petrolatum). глазирователь, разделитель, гермметик. Халяль.;Халяль
E905C;;Пеногасители;Парафин (Petroleum wax), Микрокристаллический воск (Microcrystalline wax), Парафиновый воск (Paraffin wax). глазировватель, разделитель, герметик. Халяль.;Халяль
E906;;Пеногасители;Бензойная смола (Benzoin gum). глазирователь. Халляль.;Не определено
E908;;Пеногасители;Воск рисовых отрубей (Rice bran wax). глазирователь. Халяль.;Халяль
E909;;Пеногасители;Спермацетовый воск (Spermaceti wax). глазирователь. Халяль.;Халяль
E910;;Пеногасители;Восковые эфиры (Wax esters). Глазирователь. Халяль.;Халяль
E913;;Пеногасители;Ланолин (Lanolin). глазирователь. Халяль.;Халяль
E920;;Пеногасители;Цистеин, L- и его гидрохлориды - натриевая и калиевая соли (Cysteine, L-, and its hydrochlorides - sodium and potassium salts). улучшитель муки и хлеба. Харам. Производится из волос человека, шерсти животных и пера курицы.;Харам
E921;;Пеногасители;Цистин, L-, и его гидрохлориды - натриевая и калиевая соли (Cystine, L-, and its hydrochlorides -sodium and potassium sal- lts). Улучшитель муки и хлеба. Харам. Производится из волос человека, шерсти животных и пера курицы.;Харам
E927A;;Пеногасители;Азодикарбонамид (Azodicarbonamide). улучшитель муки и хлеба. Халяль.;Халяль
E927B;;Пеногасители;Карбамид (мочевина) (Carbamide (urea). текстуратор. Халяль.;Халяль
E928;;Пеногасители;Перекись бензоила (Benzoyl peroxide). улучшитель муки и хлеба, консервант. Халяль.;Халяль
E930;;Пеногасители;Перекись кальция (Calcium peroxide). улучшитель муки и хлеба. Халяль.;Халяль
E938;;Пеногасители;Аргон (Argon). пропеллент, упаковочный газ. Халяль.;Халяль
E939;;Пеногасители;Гелий (Gellium). пропеллент, упаковочный газ. Халяль.;Халяль
E940;;Пеногасители;Дихлордифторметан, (хладон-12) (Dichlorodifluoromethan- ne). пропеллент, хладагент. Халяль.;Халяль
E941;;Пеногасители;Азот (Nitrogen). газовая среда для упаковки и хранения, хладагент. Халяль.;Халяль
E942;;Пеногасители;Закись азота (Nitrous oxide). пропеллент, упаковочный газ. Халяль.;Халяль
E943A;;Пеногасители;Бутан (Butane). пропеллент. Халяль.;Халяль
E943B;;Пеногасители;Изобутан (Isobutane). пропеллент. Халяль.;Халяль
E944;;Пеногасители;Пропан (Propane). пропеллент. Халяль.;Халяль
E945;;Пеногасители;Хлорпентафторэтан (Chloropentafluoroethane). пропелллент. Халяль.;Халяль
E946;;Пеногасители;Октафторциклобутан (Octafluorocyclobutane). пропелллент. Халяль.;Халяль
E948;;Пеногасители;Кислород (Oxygen). пропеллент, упаковочный газ. Халляль.;Не определено
E950;;Пеногасители;Ацесульфам калия (Acesulfame potassium). подсластиттель. Халяль.;Халяль
E951;;Пеногасители;Аспартам (Aspartame). Подсластитель, усилитель вкуса и аромата. Сомнительное. Не рекомендуется беременным женщщинам и кормящим матерям. Противопоказан при фенилкетоннурии.;Сомнительное
E952;;Пеногасители;Цикламовая кислота и ее натриевая, калиевая и кальцциевая соли (Cyclamic acid and Na, К, Са salts). подсластитель. Халяль.;Халяль
E953;;Пеногасители;Изомальт, изомальтит (Isomalt, isomaltitol). Подсластиттель, добавка, препятствующая слеживанию и комкованию, напполнитель, глазирующий агент. Халяль.;Халяль
E954;;Пеногасители;Сахарин (натриевая, калиевая, кальциевая соли) (Sacch- harin and Na, К, Са salts). подсластитель. Халяль.;Халяль
E955;;Пеногасители;Сукралоза (трихлоргалактосахароза) (Sucralose (Trichloro- ogalactosucrose). подсластитель. Халяль.;Халяль
E957;;Пеногасители;Тауматин (Thaumatin). Подсластитель, усилитель вкуса и аромата. Халяль.;Халяль
E958;;Пеногасители;Глицирризин (Glycyrrhizin). Подсластитель, усилитель вкуса и аромата. Халяль.;Халяль
E959;;Пеногасители;Неогесперидин дигидрохалкон (Neohesperidine dihydroch- halcone). подсластитель. Халяль.;Халяль
E960;;Пеногасители;Стевиозид (Stevioside). подсластитель. Халяль.;Халяль
E962;;Пеногасители;Твинсвит (Twinsweet). подсластитель. Халяль.;Халяль
E965;;Пеногасители;Мальтит и мальтитный сироп (Maltitol and maltitol syrup). подсластитель, стабилизатор, эмульгатор. Халяль.;Халяль
E966;;Пеногасители;Лактит (Lactitol). Подсластитель, текстуратор. Халяль.;Халяль
E967;;Пеногасители;Ксилит (Xylitol). подсластитель, влагоудерживающий агент, стабилизатор, эмульгатор. Халяль.;Халяль
E999;;Пеногасители;Квиллайи экстракт (Quillaia extracts). пенообразователь. Халяль. * * *;Халяль
E1000;Вновь формируемая группа, в которую входят глазирующие агенты, подсластители соков и кондитерских изделий, добавки, препятствующие слеживанию сахара, соли, для обработки муки, крахмала и иные;Другое;;Не определено
E1000;;Другое;Холевая кислота (Cholic acid). эмульгатор. Харам.;Харам
E1001;;Другое;Холин, соли и эфиры (Choline salts and esters). эмульгаттор. Харам.;Харам
E1100;;Другое;Амилазы (Amylases). улучшитель муки и хлеба. Харам.;Харам
E1101;;Другое;Протеазы (Proteases), Протеаза (Protease), Папаин (Pap- pain), Бромелайн (Bromelain). Фицин (Ficin). улучшитель муки и хлеба, стабилизатор, ускоритель созревания мяса и рыбы, усиллитель вкуса и аромата. Харам.;Харам
E1102;;Другое;Глюкозооксидаза (Glucose oxidase). антиокислитель. Харам.;Харам
E1103;;Другое;Инвертазы (Invertases). стабилизатор. Харам.;Харам
E1104;;Другое;Липазы (Lipases). усилитель вкуса и аромата. Харам.;Харам
E1105;;Другое;Лизоцим (Lysozyme). консервант. Харам.;Харам
E1200;;Другое;Полидекстрозы А и N (Polydextroses A and N). наполннитель, стабилизатор, загуститель, влагоудерживающий агент, текстуратор. Харам.;Харам
E1201;;Другое;Поливинилпирролидон (Polyvinylpyrrolidone). загуститтель, стабилизатор, осветлитель, диспергирующий агент. Халляль.;Не определено
E1202;;Другое;Поливинилполипирролидон (Poeyvinylpolypyrrolidone). стабилизатор цвета, коллоидальный стабилизатор. Халяль.;Халяль
E1400;;Другое;Декстрины, крахмал, обработанный термически, белый и желтый (Dextrjns, roasted starch, white and yellow). стабилизаттор, загуститель, связующее. Халяль.;Халяль
E1401;;Другое;Крахмал, обработанный кислотой (Acid-treated starch). стабилизатор, загуститель, связующее. Халяль.;Халяль
E1402;;Другое;Крахмал, обработанный щелочью (Alkaline-стабилизаттор, treated starch). стабилизатор, загуститель, связующее. Халляль.;Не определено
E1403;;Другое;Крахмал отбеленный (Bleached starch). стабилизатор, загуститель, связующее. Халяль.;Халяль
E1404;;Другое;Крахмал окисленный (Oxidized starch). стабилизатор, загуститель, связующее. Халяль.;Халяль
E1405;;Другое;Крахмал, обработанный ферментными препаратами (Sta- arches enzime-treated). стабилизатор, загуститель, связующее. Халяль.;Халяль
E1410;;Другое;Монокрахмалфосфат (Monostarch phosphate). стабилиззатор, загуститель, связующее. Халяль.;Халяль
E1411;;Другое;Дикрахмалглицерин «сшитый» (Distarh glicerol). стабиллизатор, загуститель. Халяль.;Халяль
E1412;;Другое;"Дикрахмалфосфат, этерифицированный тринатрийметтафосфатом; этерифицированный хлорокисью фосфора (Distar- rch phosphate esterified with sodium trimetasphosphate; esterified with phosphorus oxychlo-ride). стабилизатор, загуститель, связуюющее. Халяль.";Халяль
E1413;;Другое;Фосфатированный дикрахмалфосфат «сшитый» (Phosp- phated distarch phosphate). стабилизатор, загуститель, связующщее. Халяль.;Халяль
E1414;;Другое;Дикрахмалфосфат ацетилированный «сшитый» (Acetyla- ated distarch phosphate). эмульгатор, загуститель. Халяль.;Халяль
E1420;;Другое;Крахмал ацетатный, этерифицированный уксусным анггидридом (Starch acetate esterified with acetic anhydride). стабиллизатор, загуститель. Халяль.;Халяль
E1421;;Другое;Крахмал ацетатный, этерифицированный винилацетаттом (Starch acetate esterified with vinyl acetate). стабилизатор, заггуститель. Халяль.;Халяль
E1422;;Другое;Дикрахмаладипат ацетилированный (Acetylated distarch adipate). стабилизатор, загуститель, связующее. Халяль.;Халяль
E1423;;Другое;Дикрахмалглицерин ацетилированный (Acetylated distarc- ch glycerol). стабилизатор, загуститель, связующее. Халяль.;Халяль
E1440;;Другое;Крахмал оксипропилированный (Hydroxypropyl starch). эмульгатор, загуститель, связующее. Халяль.;Халяль
E1442;;Другое;Дикрахмалфосфат оксипропилированный «сшитый» (Hydroxypropyl distarch phosphate). стабилизатор, загуститель. Халяль.;Халяль
E1443;;Другое;Дикрахмалглицерин оксипропилированный (Hydroxyprop- pyl distarch glycerol). стабилизатор, загуститель. Халяль.;Халяль
E1450;;Другое;Крахмала и натриевой соли октенилянтарной кислоты эфир (Starch sodium octenyl succinate). стабилизатор, загуститтель, связующее, эмульгатор. Халяль.;Халяль
E1451;;Другое;Крахмал ацетилированный окисленный (Acetilated oxydi- ised starch). эмульгатор, загуститель. Халяль.;Халяль
E1503;;Другое;Касторовое масло (Castor oil). разделяющий агент. Халляль.;Не определено
E1505;;Другое;Триэтилцитрат (Triethyl citrate). пенообразователь. Халляль.;Не определено
E1518;;Другое;Триацетин (Triacetin). влагоудерживающий агент. Халляль.;Не определено
E1520;;Другое;Пропиленгликоль (Propylene glycol). влагоудерживающщий, смягчающий и диспергирующий агент. Халяль.;Халяль
E1521;;Другое;Полиэтиленгликоль (Polyethylene glycol). пеногаситель. Халяль. Группа, не имеющая международной маркировки Аллилгорчичное масло: Консервант. Халяль. N-Лауроилглутаминовая кислота: Консервант, улучшитель муки, хлеба. Халяль. Лауроиласпарагиновая кислота: Консервант, улучшитель муки, хлеба. Халяль. N-Лауроилглицин: Консервант, улучшитель муки, хлеба. Халляль. Ванилин. Вкусоароматическое вещество. Халяль. Дигидрокверцетин: Антиокислитель. Халяль. Имбрицин: Консервант. Халяль. Кверцитин: Антиокислитель. Халяль. Красный для карамели N 1: Краситель. Халяль. Красный для карамели N 2: Краситель. Халяль. Красный для карамели N 3: Краситель. Халяль. Красный рисовый (Red rice): Краситель. Халяль. Солодкового корня (Glycyrrhiza sp.) экстракт: Стабилизатор. Халяль. Мыльного корня (Acantophyllum sp.) отвар, плотность 1,05: Стабилизатор. Халяль. Оксиянт (оксиэтилсукцинат-21): Эмульгатор. Халяль. Поливиниловый спирт: Влагоудерживающий агент. Халяль. Перекись водорода: Консервант. Халяль. Полиоксиэтилен: Осветлитель. Халяль. Сантохин: Консервант. Халяль. Стевия (Stevia rebaudiana Bertoni), порошок листьев и сироп из них: Подсластитель. Халяль. Сукцинаты натрия, калия и кальция: Регуляторы кислотноссти. Халяль. Ультрамарин: Краситель. Халяль. Формиат калия (Potassium formate): Консервант. Халяль. Хитозан, гидрохлорид хитозония: Наполнитель, загуститель, стабилизатор. Харам. Хлорид железа: Улучшитель муки и хлеба. Халяль. Эритрит (Erythritol): Подсластитель. Халяль. Юглон: Консервант. Халяль.;Харам
